,ra_j2000,dec_j2000,primary_name,gaiaedr3_source_id,hip,hd,tic,parallax,pmra,pmdec,gmag,bp_rp,radial_velocity,spectrum_harps_1d,spectrum_harps_2d,spectrum_sophie_1d,spectrum_sophie_2d,Teff(K),Teff_err(K),logg,logg_err,Fe/H,Fe/H_err,alpha,alpha_err,vmic,vmic_err,vmac,vmac_err,vsini,vsini_err,Notes,w1mpro,w1sigmpro,w2mpro,w2sigmpro,w3mpro,w3sigmpro,j_m,j_msigcom,h_m,h_msigcom,k_m,k_msigcom,Bmag,e_Bmag,Vmag,e_Vmag,Mass,Mass-err,Mass+err,Radius,Radius-err,Radius+err,Age,Age-err,Age+err,MIST logg,MIST logg-err,MIST logg+err,Density,Density-err,density+err,MIST Teff,MIST Teff-err,MIST Teff+err,logLuminosity,logLuminosity-err,logLuminosity+err,deltanu,deltanu-err,deltanu+err,numax,numax-err,numax+err,Unnamed: 75,Unnamed: 76,Unnamed: 77,ra,dec,season_length,airmass_min,airmass_mean,tyr_rise,tyr_set,eff_nights,eff_airmass_mean,eff_seeing,nb_subexp,snr_550,snr_550_texp15,sig_rv_texp15,texp_snr_250,sig_rv_osc_texp15,sig_rv_osc+gr_texp15,HZ_period_inf,HZ_period_sup,HZ_amp_inf,HZ_amp_sup,HZ_mp_min_texp15,HZ_mp_min_osc_texp15,HZ_mp_min_osc+gr_texp15,NIGHTS,FIRST_NIGHT,LAST_NIGHT,ruwe,Teff_spec,Fe/H_spec,logg_spec,vsini_spec,Teff_phot,logRHK,Teff_gspphot,logg_gspphot,logRHK_BoroSaika+18,RHK,HJ,BDW,Teff,dist,log_ruwe,index,HWO
29,348.32074,57.168358,HD219134,2009481748875806976,114622.0,219134,283722336,152.864,2074.414,294.452,5.231896,1.216341,-18.64,,,,,4822.5500276447,155.68362738011,4.58837563258031,0.226361911881852,0.0707904307923856,0.0885105582775939,0.0,0.0,0.89,0.08,3.49,0.0,0.672103455643284,1.56742257295947,,,,,,,,3.981,0.258,3.469,0.226,3.261,0.304,6.585,0.018,5.569,0.023,0.776492059725592,-0.0297969500634835,0.0360702090070631,0.740248457389214,-0.0253685229019562,0.0277669448295751,9.7885293016318,-0.467021604306757,0.251699591186684,4.58837563258031,-0.0290341947562807,0.0234284017718478,2.70638648755261,-0.259777271350744,0.242384340301666,4817.15114728567,-112.494645688264,109.800442035879,-0.577329713753191,-0.0620127859754009,0.0673308010056817,195.386875748721,-9.28262736616648,8.33400384634444,4828.20353864902,-9.28262736616648,8.33400384634444,,,,23.221382666666667,57.168358,289,1.138498214521722,1.1864317441514596,2025.3552652923893,2026.0756583493053,208.47585894724085,1.1877127794789015,0.9443727762053707,2.0,537.0,759.0,0.0659,8.608755539377274,0.0688156059427776,0.1161418628097183,153.41138708449648,361.19340254035023,0.1060173079180572,0.1410384444926717,1.0041074895592,1.0485320990242424,1.7696345113595635,253,2020-05-16,2021-01-23,0.99794143,5046.54092671771,0.0590000000000001,4.62605227215266,3.90755470967991,4760,-6.0,,,-4.922310209985,-4.92231,0,0,5046.54092671771,6.541762612518316,-0.0008949470635694959,518,1
25,209.38358,61.492863,HD122064,1661568850770761600,68184.0,122064,202380743,99.3325,-31.693,216.29,6.169921,1.220587,-26.75,,,,,4784.2128347237,167.752273576122,4.57588551827378,0.256852406220638,0.157796264159958,0.106609104645229,0.0,0.0,0.9,0.07,3.53,0.0,0.98329075394898,1.36038501484714,,4.045,0.366,3.844,0.214,4.073,0.015,5.018,0.26,4.402,0.206,4.094,8.888,7.546,0.018,6.497,0.023,0.79985256179423,-0.023834556660203,0.0261535014276045,0.76152518356128,-0.0070134778477257,0.0073220475821197,9.80579641856225,-0.421038617286714,0.215569773314851,4.57588551827378,-0.0180726074012512,0.0190414773942242,2.55255566237849,-0.119890316532208,0.13389524667189,4843.98353805317,-71.2152241058202,77.165695252208,-0.541214211207584,-0.02094273509599,0.0228315568012183,189.821173030146,-4.31783512508918,4.71508140837179,4674.59767413665,-4.31783512508918,4.71508140837179,,,,13.958905333333334,61.492863,295,1.1871767281403232,1.2312902116048696,2025.9144791785584,2026.6447407158173,210.37105516602728,1.233863349543049,1.034500238956235,1.0,468.0,468.0,0.1071,10.963225241337865,0.1091130182111376,0.1495485348158096,165.32185104804535,383.5628443582362,0.1021756969316697,0.1352642511227905,1.6855759239681585,1.7172574835498855,2.3536452824485763,256,2020-12-05,2020-08-16,0.9920542,5070.26171564791,0.1725,4.66965673774216,4.59960083361425,4710,-6.0,4671.7427,4.5109,-5.00376705755,-5.003767,0,0,5070.26171564791,10.06719855032341,-0.003464599904392113,438,1
41,9.840856,21.250475,54Psc,2802397960855105920,3093.0,3651,434210589,90.0248,-461.948,-369.624,5.654319,1.018104,-33.0,,,,,5262.78869297055,188.902902975112,4.51189607922308,0.293615720519128,0.115965239007593,0.0857773969451041,0.0,0.0,0.92,0.04,2.93,0.0,0.727964568448895,1.68270783154463,,3.786,0.365,3.577,0.254,3.898,0.014,4.549,0.206,4.064,0.24,3.999,0.036,6.744,0.02,5.884,0.023,0.893282432007543,-0.0414380930658962,0.0244228163723282,0.867776644799577,-0.0102937606797966,0.0099682998498363,9.78590840799672,-0.424432445042392,0.236770727027674,4.51189607922308,-0.0298372837041834,0.0286063120093916,1.92902194345229,-0.141047156967211,0.154105663746639,5313.48545883025,-101.696628196656,112.954077363795,-0.267460629504648,-0.0253858820098063,0.0274876534114999,165.627782326276,-5.70460467339441,6.09322726856985,3835.96796423376,-5.70460467339441,6.09322726856985,,,,0.6560570666666667,21.250475,262,1.00833444571529,1.0638699298432093,2025.4342131351427,2026.1184217641296,193.7112838403152,1.069969852981923,0.905056092586606,2.0,445.0,629.0,0.0829,9.456620059887925,0.0870480832662871,0.1544527516836732,232.77585734860773,538.1384931417552,0.085008382554668,0.1124036621143793,1.6342359793027597,1.7160085597479962,3.044779781710177,242,2020-06-12,2020-02-08,0.87889403,5478.30972919872,0.225,4.66734096814908,3.6559522185607,5140,-6.0,5110.9243,4.4555,-5.079498434693334,-5.079498,0,0,5478.30972919872,11.108050226159902,-0.05606348551852506,676,1
48,272.4059,38.45778,HD166620,4610177733290768896,88972.0,166620,75946144,90.1234,-316.454,-468.348,6.129807,1.08343,-19.36,,,True,True,5003.03534050541,45.1094147714835,4.55475127890431,0.0904246371678658,-0.235,0.130700320769478,0.0960466893763629,0.0,0.673002209685106,0.0596133792484143,3.2,0.0,0.0,0.0,,4.236,0.279,3.996,0.13,4.235,0.014,4.952,0.278,4.458,0.192,4.232,0.021,7.28,0.02,6.394,0.023,0.780517554961007,-0.022246400645332,0.0300661739974546,0.769915958408259,-0.0052580247093828,0.0049872146900301,9.95938803485601,-0.233438858488144,0.125757184108323,4.55475127890431,-0.0129788989562547,0.0176958008128922,2.41497645498796,-0.0782405735862208,0.107993886076021,5019.57416552855,-40.3237697420864,41.3570540951951,-0.4705087401397,-0.0110067934452698,0.0118692743233204,185.182336383019,-2.82974248928465,3.75621907521554,4391.03348879939,-2.82974248928465,3.75621907521554,,,,18.16039333333333,38.45778,314,1.0145484379194605,1.081697891653984,2025.069079362409,2025.8881632309733,238.8367439330532,1.0711727295438798,0.891917196864372,1.0,514.0,514.0,0.0987,10.461156612218826,0.1604078008496761,0.3542623029358264,153.41138708449648,361.19340254035023,0.1060173079180572,0.1410384444926717,1.405041848096929,2.2834819954913166,5.043093828044858,290,2021-01-31,2020-11-15,1.0380744,5510.9998455215,-0.0920000000000005,4.57536168224412,0.0,4970,-4.993118913046352,4914.261,4.4963,-5.031609528773333,-5.012364,0,0,5510.9998455215,11.095897402894254,0.016228481018724383,1072,1
1,45.608444,26.60924,51Ari,115311458058061440,14150.0,18803,34691643,47.181,233.067,-168.452,6.455846,0.857362,10.09,,,,,5673.42927587891,116.251697203957,4.47969891384125,0.173159735264312,0.151,0.108413927143912,0.0,0.0,1.13751234558662,0.0657934853919639,3.65,0.0,3.38041428835591,0.815944223763444,,5.0,0.186,4.745,0.087,5.0,0.015,5.34,0.021,5.024,0.015,4.951,0.016,7.332,0.022,6.616,0.022,1.03839719927161,-0.0343646355407692,0.025514075459651,0.972034404915772,-0.007033092253376,0.0072595976454704,9.21152839302269,-0.514610765127349,0.310096594551274,4.47969891384125,-0.0184712082675222,0.0131296977812099,1.59824022152953,-0.0734849579708561,0.0571372057407291,5770.44337811803,-64.2978066055503,62.95677862504,-0.0260653285025028,-0.0142602626370769,0.0145140815512833,150.639126346255,-3.28270600608107,2.46532734803367,3414.80427909545,-3.28270600608107,2.46532734803367,,,,3.0405629333333337,26.60924,262,1.0006580309161692,1.056146110415882,2025.52302945824,2026.207238087228,184.97424657401635,1.063782705381913,0.9300281231188762,1.0,424.0,424.0,0.1342,11.518033440636586,0.1463544403143116,0.2779043664738438,421.3031025565775,888.9382417334455,0.0648197006034179,0.0831379538247918,3.550498319459421,3.872065531903037,7.352451461518759,243,2020-07-14,2020-03-12,0.8499111,5673.42927587891,0.151,4.44589746783745,3.38041428835591,5590,-6.0,5435.6226,4.3607,-4.869638403105,-4.869638,0,0,5673.42927587891,21.194972552510546,-0.07062649875464141,33,0
30,352.84253,59.16552,HD221354,2011251030583236352,116085.0,221354,444314028,59.367,1106.442,113.402,6.537038,1.002228,-25.22,,,True,True,5026.97919432775,104.359109604893,4.4626973241282,0.0601921347855576,0.0620000000000002,0.122545742912494,0.0,0.0,0.0,0.0,3.19,0.0,0.0,0.0,,,,,,,,5.346,0.037,4.975,0.084,4.797,0.016,7.607,0.02,6.765,0.023,0.861901906789075,-0.0165381548600363,0.0243896955700432,0.900530843591736,-0.0107864094168899,0.0120570823827724,10.0694584037594,-0.0934082228873354,0.0440763166438956,4.4626973241282,-0.0111114611919332,0.0158868988303391,1.66375366572875,-0.0620630370472661,0.0734397825893598,5218.23033567057,-56.8408341625927,60.5055644535105,-0.266740265900156,-0.0212276246363606,0.0238505878867315,154.44129928253,-2.79781348017636,3.06819322135263,3472.29121743555,-2.79781348017636,3.06819322135263,,,,23.522835333333333,59.16552,289,1.161242775998892,1.2055326020932458,2025.3750022530776,2026.0822373362007,204.62606984182747,1.2068577386412882,0.9566397182750414,1.0,406.0,406.0,0.1257,11.770590385768958,0.2367981729170486,0.5097062480135259,206.3739777112253,484.64735362114544,0.0900628171445807,0.1197114885422133,2.2756670356164737,4.286983263337606,9.227698539794236,250,2020-05-22,2021-01-26,1.0221732,5026.97919432775,0.0620000000000002,3.99732138102179,0.0,5180,-4.84271723961188,5152.031,4.4399,-5.12955538343,-4.986136,0,0,5026.97919432775,16.84437482102852,0.009524490154050505,519,0
10,150.25273,31.92367,20LMi,746545172372256384,49081.0,86728,172954294,66.9958,-528.871,-429.376,5.204957,0.840548,56.01,,,,,5819.75988639469,114.658994459218,4.36304276538836,0.156818430585985,0.269,0.0878577049923944,0.0,0.0,1.13624125128718,0.0410592675132353,4.08,0.0,3.47940885633396,0.722775616647672,,3.708,0.339,3.535,0.186,3.846,0.014,4.267,0.328,4.04,0.258,3.821,0.036,6.045,0.02,5.38,0.023,1.09512922549282,-0.0514039222511493,0.0508403840257057,1.14097006598118,-0.0130877310099984,0.0125913158262354,9.61827656738759,-0.299657728472438,0.191257234431969,4.36304276538836,-0.0289053361113201,0.0294777859589015,1.04145484598729,-0.0782708761957858,0.0856939811860844,5838.1651531976,-112.395992868778,110.429290942638,0.133678122230449,-0.0255157193070089,0.0242444471797174,122.252554989717,-4.26939514476143,4.47735452787161,2596.61470803074,-4.26939514476143,4.47735452787161,,,,10.016848666666668,31.92367,265,1.0014386617201825,1.0590587041780926,2025.769741466844,2026.4605290827271,181.3919319413947,1.0695899131583817,0.9766675931875874,2.0,536.0,758.0,0.0601,8.614432266363687,0.1095615672400406,0.3329156665951099,518.0826590560929,1043.3254634862217,0.0591949581377173,0.0747523702867211,1.7582483596519611,3.2052653224742,9.7395744541313,244,2020-10-13,2020-06-12,0.9407839,5819.75988639469,0.269,4.37632388465072,3.47940885633396,5730,-6.0,5759.9775,4.2297,-4.993484505196666,-4.993485,0,0,5819.75988639469,14.926308813388301,-0.026510123454360955,215,1
37,288.02094,49.855747,HD179958,2132788541955849984,94336.0,179958,298896144,39.5809,-210.538,621.066,6.379267,0.814975,-40.99,,,,,5707.50458366637,115.117333242993,4.26857147338041,0.178250556554895,-0.0049999999999998,0.0978409593764563,0.0,0.0,1.19305845200562,0.0402117845658291,3.98,0.0,2.47543618053801,0.958041414058,,,,,,,,,,,,4.971,0.024,7.12,0.022,6.47,0.002,0.971642781617042,-0.040531585991346,0.0506965125276205,1.19764784866348,-0.0254505671604517,0.0275551853088491,9.9799582065343,-0.118854763841776,0.0883657171759964,4.26857147338041,-0.0293281734486275,0.0314829133905601,0.797251541609103,-0.0653412900981939,0.0729198989566198,5735.72471915402,-93.2125969171648,102.570610760645,0.145873703019401,-0.0255290655481945,0.0275822656962695,108.118481907088,-4.19363975396989,4.34836698067784,2106.80601614363,-4.19363975396989,4.34836698067784,,,,19.201396,49.855747,316,1.0721885765596828,1.1336628470210035,2025.1184217641296,2025.9342161392465,236.42491838333743,1.1231573047123495,0.9113254916695946,1.0,437.0,437.0,0.1301,11.345419140300969,0.1995872873615846,0.4822459423924061,318.1119076325314,713.7715223240443,0.0730553818518328,0.0956412650706562,2.701331652574768,4.144131105314253,10.01311474642855,288,2020-02-19,2020-12-02,0.9930931,5698.90584261805,0.008,4.20602378525255,2.73782612826798,5690,-6.0,5675.3115,4.2367,-4.93061411491,-4.930614,0,0,5698.90584261805,25.26471100960312,-0.0030100355721232263,561,0
36,288.0195,49.85389,HD179957,2132788541955849216,,179957,298896136,39.5784,-185.724,630.111,6.539502,0.828164,-41.86,,,,,5698.90584261805,118.321760213559,4.31055965475331,0.182528545774,0.008,0.112065980207665,0.0,0.0,1.20348924258642,0.0426801286486627,3.94,0.0,2.73782612826798,0.94556181708596,,,,,,,,,,,,5.084,0.024,7.25,0.0,6.59,,0.967454617913619,-0.0412454651384369,0.0488255222675134,1.13842616652664,-0.0244437658951824,0.0265398301453603,9.95868870850418,-0.131553778262528,0.102117334295185,4.31055965475331,-0.0304004617653595,0.0316907159046904,0.923902438153949,-0.0783068129445509,0.0867549169996724,5720.38375586199,-93.2131626039181,109.051437260773,0.0976267592523956,-0.026385900070674,0.0287150202617956,116.033423314877,-4.67283010859616,4.90702094790971,2326.45853409461,-4.67283010859616,4.90702094790971,,,,19.2013,49.85389,316,1.072175189956373,1.1336500190566223,2025.1184217641296,2025.9342161392465,236.42491838333743,1.1231441694298685,0.911319046977789,1.0,406.0,406.0,0.1401,11.770590385768958,0.215550087688277,0.508116173599846,318.1119076325314,713.7715223240443,0.0730553818518328,0.0956412650706562,2.90896667583186,4.475574747022362,10.550271352270864,288,2020-02-19,2020-12-02,0.97826606,5707.50458366637,-0.0049999999999998,4.23586801248845,2.47543618053801,5730,-6.0,5616.256,4.3393,-4.95357051573,-4.953571,0,0,5707.50458366637,25.266306874456774,-0.00954301364233223,560,0
11,174.68709,45.108418,HD101177A,773861404893710208,56809.0,101177A,393884179,42.9391,-595.844,15.079,6.323875,0.753345,-17.01,,,,,5885.81877776673,102.998380694098,4.43626938661004,0.090502019126986,-0.172,0.0815430649011665,0.0676662855698702,0.0,1.17409487240501,0.0346610512225777,0.0,,0.0,0.0,,4.166,,4.799,0.293,5.096,0.016,5.355,0.039,5.107,0.033,5.025,0.016,7.044,0.023,6.29,0.03,1.01448162479391,-0.0469998440703356,0.0399581433988949,1.00940154141029,-0.0085609311306063,0.0096351624027972,9.49422804012017,-0.35817634587659,0.233988368377446,4.43626938661004,-0.027367816042033,0.022978834930603,1.39240304072796,-0.0942843500806882,0.0883759246091962,5981.00754972807,-89.4389619231597,79.3328395134358,0.0689634780016855,-0.0186823062902271,0.0170080893887763,140.716683493759,-4.43870045976448,3.95740004006234,3035.11833481958,-4.43870045976448,3.95740004006234,,,,11.645806,45.108418,276,1.0414042236942076,1.0993999660755935,2025.8256628554605,2026.532897938584,192.1438886284452,1.104172327914514,0.9937099536562014,1.0,433.0,433.0,0.139,11.397702454754342,0.1962228640343198,0.4783687017315731,373.0653118788716,813.1422084169923,0.0680900039476034,0.0882830315111676,3.4349277206896565,4.8490025547093705,11.82130873588563,252,2020-11-01,2020-07-09,0.93917286,5885.81877776673,-0.172,4.28196651792801,0.0,5930,-6.0,5834.493,4.3512,,-6.0,0,0,5885.81877776673,23.288797389791586,-0.02725446605657854,220,0
46,270.6286,26.313002,HD164922,4582680493669880704,88348.0,164922,159019691,45.4954,389.772,-602.431,6.802036,0.964453,20.2,,,True,True,5194.34953040589,105.839037346525,4.45510871306026,0.105179377114446,0.265,0.113736524537832,0.0,0.0,0.632964671954673,0.0915711190772613,2.85,0.0,0.0,0.0,,5.118,0.143,5.018,0.088,5.164,0.015,5.553,0.026,5.203,0.017,5.113,0.02,7.81,0.02,7.012,0.023,0.963243894866487,-0.0412728301184042,0.0458207442264693,0.961774027826452,-0.0089568174227346,0.0090346830861292,9.80974464779212,-0.297452535089912,0.16477333374521,4.45510871306026,-0.0245166968765895,0.0274869233610628,1.52457804720513,-0.0932084681951144,0.113959929953381,5444.9610798605,-74.4571750761688,66.6049170220049,-0.135930019175169,-0.0169956157033508,0.0151947086354215,147.573124353724,-4.25198576936467,5.05249791709423,3324.83947493086,-4.25198576936467,5.05249791709423,,,,18.041906666666662,26.313002,306,1.0009293744200771,1.0680202865825377,2025.072368855857,2025.875005257181,235.0151075671152,1.0583782559330988,0.8837876956988407,1.0,384.0,384.0,0.1117,12.103072956898178,0.2763406336195653,0.6474095519523856,306.28478948380257,689.2623488131045,0.074423616421348,0.0975282604977535,2.2834629152860484,5.649181637036047,13.234876480619771,283,2020-02-02,2020-11-10,1.0971951,5194.34953040589,0.265,3.95482538730069,0.0,5320,-4.965065961134783,,,-5.078756039873333,-5.021911,0,0,5194.34953040589,21.980244156552093,0.04028385940668689,1064,0
27,310.18808,19.935535,HD197076,1814241194252808704,102040.0,197076,330872058,47.7457,118.708,312.222,6.285079,0.786007,-35.29,True,True,,,5841.63984987441,162.910298247472,4.48200687732533,0.173338783143462,-0.0760000000000005,0.0595826536770457,0.0290542527691833,0.0,1.13339752507528,0.0448226728921168,4.56,0.0,0.0,0.0,,4.905,0.216,4.652,0.095,4.931,0.015,5.252,0.017,5.085,0.051,4.921,0.02,7.057,0.022,6.44,0.023,1.03174832108296,-0.0270291690588744,0.0182975770498595,0.966204404486745,-0.00668314738559,0.0070118250226964,9.05024224152652,-0.537540359057823,0.328317196745447,4.48200687732533,-0.0157303634719943,0.0111507810691744,1.61761021145217,-0.0662821905141038,0.0521816503367829,5981.50748483631,-60.5619016988767,56.6151619817456,0.0315224109203824,-0.0136410594112921,0.0124763057493396,151.21049426423,-2.85253879257286,2.20381986510193,3371.84203476358,-2.85253879257286,2.20381986510193,,,,20.67920533333333,19.935535,290,1.0117317150173804,1.0766820461804834,2025.223685554468,2025.9769795540708,220.09733619979824,1.0682241344428036,0.8709550356418305,1.0,467.0,467.0,0.1216,10.97495689289286,0.2330303419762305,0.5647177700863022,405.0994934553517,863.5607807252334,0.0658714651874486,0.084776287407615,2.902206483429494,5.561695471375068,13.478022809640729,264,2020-03-29,2020-12-17,0.9285767,5841.63984987441,-0.0760000000000005,4.20357362636645,0.0,5800,-4.896825356,5746.573,4.3514,-4.808414885783333,-4.85262,0,0,5841.63984987441,20.944294460024672,-0.032182217922032824,469,0
47,270.16205,29.571922,HD164595,4584639307993378432,88194.0,164595,158917706,35.402,-138.982,173.502,6.909487,0.817745,2.07,True,True,True,True,5531.00333029876,122.109458870895,4.40174805841365,0.124791731920487,-0.0555560812233752,0.0237350855556234,,,0.846838648087807,0.205708224781653,,,0.0,,,5.496,0.159,5.375,0.058,5.51,0.014,5.864,0.019,5.539,0.02,5.482,0.021,7.775,0.056,7.086,0.023,0.958513640351675,-0.0281648194199939,0.0270272213391832,1.02042316014337,-0.0092702071416039,0.0089265421920992,9.81874990591014,-0.135307168375544,0.109968761397342,4.40174805841365,-0.0194652313723216,0.0200598626890871,1.2723755532473,-0.065793803656353,0.0732509775017209,5767.34839264595,-71.5358973228922,73.7137756380698,0.0157508193935217,-0.0154686918599097,0.0160565045649468,135.289824904626,-3.22138273142684,3.45035912825324,2858.38025097077,-3.22138273142684,3.45035912825324,,,,18.010803333333335,29.571922,308,1.0001069068278987,1.0680214855995451,2025.069079362409,2025.875005257181,235.69818983756736,1.0565680316215695,0.8834840769068103,1.0,352.0,352.0,0.1537,12.64124742118579,0.3258695733493167,0.6863818880669008,306.28478948380257,689.2623488131045,0.074423616421348,0.0975282604977535,3.1375049824827146,6.652032596115794,14.011233530876996,285,2021-01-31,2020-11-10,0.8959606,5531.00333029876,-0.0555560812233752,4.03428616975535,,5700,-5.003760848,5666.93,4.3315,-4.8904568976050005,-4.947109,0,0,5531.00333029876,28.24699169538444,-0.047711088082088314,1065,0
38,295.45398,50.525063,16CygC,2135550755683405952,96895.0,186408,27533341,47.3239,-148.034,-159.03,5.818073,0.813247,-27.21,,,,,5837.11805324904,103.932264934769,4.28550120351126,0.0772359102848932,0.0819999999999998,0.103335446907681,0.0,0.0,1.28450388815689,0.0328919480703769,0.0,,4.97187043149385,0.334066735353305,,4.388,0.311,4.123,0.173,4.461,0.015,5.091,0.212,4.724,0.194,4.426,0.017,6.604,0.078,5.961,0.009,1.05428017442524,-0.0529101776669065,0.0521393053530883,1.2245066055457,-0.0123705143061776,0.0130335599618079,9.80924716264561,-0.142569492866803,0.12612617916572,4.28550120351126,-0.0293157607915218,0.0263108136548391,0.810551424289785,-0.0603338476678583,0.0587525544604151,5860.32304574645,-99.8782643620853,92.2305228420337,0.202135357900387,-0.0229528106533509,0.0199169783746928,108.487238092716,-3.70039194382282,3.487593336681,2165.502538268,-3.70039194382282,3.487593336681,,,,19.696932,50.525063,314,1.077267305615837,1.1383450713856424,2025.1447377117145,2025.9506636064864,233.9433070619613,1.1279294210653432,0.9103632862769944,1.0,566.0,566.0,0.1005,9.969033325337824,0.2512304476650875,0.5874329430421146,437.6247334879743,914.4226139116208,0.0638035130104803,0.0815692165488893,2.4019590974802467,6.004430441126289,14.03970051442391,285,2020-02-29,2020-12-09,1.0067511,5809.31443172482,0.1195,4.24106467556311,1.40057861660057,5950,-6.0,5665.8633,4.2665,-4.98603312334,-4.986033,0,0,5809.31443172482,21.130971876789527,0.0029221128001238683,562,0
26,201.4994,63.261276,HD117043,1665517334465010432,65530.0,117043,355916910,47.8881,-392.484,220.895,6.327287,0.890028,-30.99,,,True,True,5317.14636494554,103.522079705099,4.37629208118953,0.0703574052802997,0.233999999999999,0.0942510120825855,0.0,0.0,0.365106221502478,0.125073395869434,2.92,0.0,0.0,0.0,,4.795,0.226,4.528,0.119,4.831,0.014,5.238,0.02,4.895,0.053,4.795,0.018,7.251,0.02,6.51,0.023,0.96548203034267,-0.0332342075076153,0.0365713896469685,1.05409553860658,-0.0088414988357707,0.0093822853634195,9.96486370829949,-0.125292870225969,0.0914407325797768,4.37629208118953,-0.0200354915454293,0.0222801737443188,1.16088454886216,-0.0603925483914312,0.0705291113662059,5505.8397270674,-64.821918004186,66.1274726531983,-0.0365731050808765,-0.0144193882581618,0.0148659154043281,129.449560611598,-3.11475624605849,3.58480796113571,2758.15934233275,-3.11475624605849,3.58480796113571,,,,13.433293333333332,63.261276,290,1.2115466962500958,1.25112806294704,2025.8980317113176,2026.608556287889,202.2578476026092,1.2542565745464358,1.059378198838835,1.0,416.0,416.0,0.1262,11.628256367738294,0.2946127193199407,0.6442072677577872,318.1119076325314,713.7715223240443,0.0730553818518328,0.0956412650706562,2.83304777987245,6.613723537175461,14.461727176694897,249,2020-11-29,2020-08-03,0.9919479,5317.14636494554,0.233999999999999,3.99262114737908,0.0,5490,-4.7166427575892,5527.141,4.3656,-5.00142986862,-4.859036,0,0,5317.14636494554,20.88201452970571,-0.003511137661051234,439,0
28,307.04922,22.128992,HD195034,1818697205647102720,100963.0,195034,210119810,35.5219,-22.644,-244.007,6.938549,0.802354,-1.14,True,True,True,True,5640.35546427139,111.228285442564,4.45555707052877,0.178532406710079,0.0018081716275951,0.0124808402562939,,,1.10335942986701,0.051810067950436,,,0.0,,,5.555,0.147,5.401,0.054,5.57,0.016,5.901,0.029,5.632,0.021,5.579,0.018,7.736,0.022,7.089,0.023,1.00001803385172,-0.0324547424654964,0.0300500596264535,0.980415069600886,-0.0089343572629007,0.009946166378582,9.52585066598193,-0.317744373318297,0.211313443863329,4.45555707052877,-0.0227065129371855,0.020013511170446,1.49881999329674,-0.089326860631747,0.0836989881451866,5811.13385563676,-86.7088544994076,78.6259612129861,-0.0060471177827308,-0.0184973345115205,0.0177926056278272,146.116520183445,-4.00954174843039,3.71900391635717,3219.661491285,-4.00954174843039,3.71900391635717,,,,20.469948,22.128992,293,1.0065858379998982,1.0728807135898488,2025.207238087228,2025.9704005671747,223.01392985798745,1.0641271399067644,0.8705291894809345,1.0,346.0,346.0,0.1643,12.75038251721336,0.322818485833482,0.6424192588776186,357.2449270932882,788.1094082093332,0.0692613479610505,0.0901635674147161,3.704930609657112,7.279489285012953,14.486419820139536,268,2020-03-23,2020-12-15,0.96397793,5640.35546427139,0.0018081716275951,4.09867117666225,,5820,-4.846772085,5691.77,4.3466,-4.773665764275,-4.810219,0,0,5640.35546427139,28.151647293641386,-0.015932909031750465,471,0
15,157.01617,48.7849,HD90508A,834571523536798848,51248.0,90508A,252487672,43.4944,81.798,-880.658,6.277527,0.791651,-7.23,,,,,5749.90611920621,101.040574315775,4.27744182832005,0.0807843143860199,-0.256,0.0817400557288877,0.103024227954821,0.0,1.02817434651607,0.0455620368303498,0.0,,0.0,0.0,,4.785,0.271,4.393,0.115,4.714,0.012,5.195,0.03,4.895,0.036,4.874,0.017,7.026,0.023,6.442,0.023,0.936721267373535,-0.0385999245976534,0.0411299695835946,1.16439025300658,-0.0102266175732337,0.0095594217412544,9.96646057089,-0.100245482398163,0.0863930569941243,4.27744182832005,-0.0234307802350253,0.0237795006318757,0.836435342608385,-0.0489303624310383,0.0535759351459076,5888.81874099258,-83.514075459806,89.6418248577093,0.166608496627508,-0.0201838894782868,0.0213035403918602,110.618483169102,-2.91704066099443,3.03331318727324,2123.47287301429,-2.91704066099443,3.03331318727324,,,,10.467744666666665,48.7849,272,1.0634895744654471,1.1175131826571945,2025.779609947188,2026.483555536864,186.2634515023192,1.126252364862372,1.006380699116911,1.0,434.0,434.0,0.1695,11.38456388847968,0.3364852613752506,0.6718102707083091,282.8752690952184,640.6820755579757,0.0773369457351056,0.1015631622268078,3.745573405410656,7.4355766744530465,14.845514356618144,248,2020-10-17,2020-06-20,0.93805134,5749.90611920621,-0.256,4.11526194691962,0.0,5810,-6.0,5701.18,4.3133,,-6.0,0,0,5749.90611920621,22.991465567981166,-0.02777339182505513,234,0
13,154.71645,44.04832,HD89269,806000816970521728,50505.0,89269,39777146,49.5415,61.772,-300.268,6.492669,0.844429,-7.64,,,True,True,5415.24014035232,101.620980658207,4.48426941838027,0.056876241451978,-0.131,0.0731064912058673,0.0535651434706109,0.0,0.37651778937232,0.0735278225432177,3.44,0.0,0.0,0.0,,5.009,0.204,4.811,0.088,5.046,0.015,5.394,0.019,5.074,0.018,5.012,0.021,7.281,0.065,6.628,0.013,0.928723213686362,-0.0360149436367936,0.0356359581184916,0.913729519781727,-0.0080682499097291,0.0081357112250317,9.66817877036057,-0.292259013365525,0.188054325613177,4.48426941838027,-0.0222767399064221,0.0224811734696377,1.71883416378617,-0.0984995605777439,0.105908116317,5683.63808901961,-68.4156207685301,64.8282026322031,-0.106133043690981,-0.01447009036193,0.0141719668240425,156.48635501174,-4.22811830719664,4.37146373150759,3484.16673700962,-4.22811830719664,4.37146373150759,,,,10.314430000000002,44.04832,271,1.0360934808466933,1.0926494299356042,2025.77632045374,2026.4769765499675,185.03403007148844,1.1009563254094967,0.9928862708838794,1.0,407.0,407.0,0.1334,11.756121307913942,0.3225038392453008,0.6973810081960632,271.29979956764697,616.6230558410006,0.0788904726623383,0.1037244928761072,2.899378521696694,7.0094505597642325,15.157207770636074,248,2020-10-15,2020-06-18,0.9622041,5415.24014035232,-0.131,3.99508731575583,0.0,5610,-4.833692774549704,5580.7573,4.4154,-4.905319871366667,-4.869506,0,0,5415.24014035232,20.185097342631934,-0.01673279687891071,227,0
31,300.90585,29.896803,HD190360,2029433521248546304,98767.0,190360,105999792,62.4865,683.196,-525.501,5.552787,0.90806,-45.14,,,True,True,5381.8829620329,103.378350029616,4.30588435512381,0.088361697219671,0.31,0.0824058633605997,0.0,0.0,0.555062089461854,0.0851988192586211,2.9,0.0,0.0,0.0,,4.007,0.301,3.706,0.209,4.049,0.014,4.554,0.226,4.239,0.252,4.076,0.027,6.472,0.092,5.738,0.022,0.972923747872899,-0.0229463313885085,0.0342598502916925,1.14847240932032,-0.0102735165752865,0.0093247070970583,10.0464474619091,-0.0915881263030496,0.0594466467132904,4.30588435512381,-0.0151667044421231,0.0200434249648076,0.906091959954315,-0.0366955078211736,0.0500992458797468,5470.40574687503,-63.9168689765002,74.2996648207527,0.027066735767949,-0.0163247414606428,0.0182243737556801,114.881719406626,-2.17926603268289,2.91590435165136,2353.87310510813,-2.17926603268289,2.91590435165136,,,,20.06039,29.896803,303,1.000252489636036,1.0691202454593451,2025.1743431527464,2025.9605320868309,228.83156086633056,1.0578784483988082,0.8717199041580034,2.0,479.0,677.0,0.0648,9.11521525733717,0.307866513670872,0.7243508992666418,318.1119076325314,713.7715223240443,0.0730553818518328,0.0956412650706562,1.3676163341140948,6.497581370726,15.28756360289032,277,2020-03-11,2020-12-12,1.0123955,5381.8829620329,0.31,3.96071839866754,0.0,5440,-4.962847131914537,5435.3867,4.3218,-5.0769102577125,-5.019879,0,0,5381.8829620329,16.003456746657278,0.0053502060935734525,525,1
43,260.71368,-2.3881776,HD157347,4367026303085396352,85042.0,157347,59476871,50.9694,48.702,-108.118,6.121606,0.84487,-35.98,True,True,True,True,5606.04700838161,106.808266208575,4.38273713498735,0.144682013888971,0.0542064788778071,0.0009784510580605,,,1.25355651552987,0.124936813611407,,,0.0,,,4.708,0.237,4.46,0.126,4.704,0.015,5.133,0.017,4.803,0.076,4.686,0.016,6.966,0.022,6.295,0.023,0.946055007199122,-0.0264878070774714,0.0281842949032898,1.03642748331245,-0.0093306458755044,0.0101915727114925,9.93691481348772,-0.112776295683844,0.0975301824727524,4.38273713498735,-0.0197001995532915,0.0198426959690199,1.19865330877847,-0.0639559586074432,0.0655594668857658,5616.16850061363,-72.7293933073051,74.6944923716064,-0.0169095359886372,-0.0160510217042037,0.0172908461953157,131.597130321982,-3.28607952552593,3.272851080668,2771.91702792937,-3.28607952552593,3.272851080668,,,,17.380912000000002,-2.3881776,271,1.168709319668818,1.2107270974018918,2025.0921058165447,2025.786188934084,208.392455497774,1.2060926843370476,0.950137556412881,1.0,481.0,481.0,0.1129,10.814058763658858,0.3692420348961195,0.7704589660645103,294.5381218962426,664.8972437168075,0.0758494662675514,0.0995001042055184,2.4049157503351286,7.865332023095402,16.411770615371648,241,2020-02-10,2020-10-07,0.96263945,5606.04700838161,0.0542064788778071,4.02600108187973,,5780,-5.017018855,5561.0615,4.3529,-4.9170295458075,-4.967024,0,0,5606.04700838161,19.61961490619862,-0.016536344439001496,1008,1
39,304.38052,66.85369,HD193664,2246581329639103872,100017.0,193664,403585118,57.2041,468.684,297.589,5.769553,0.771456,-4.33,,,True,True,5716.66502224782,101.690881454038,4.40626896594595,0.0568829315663231,-0.0929999999999999,0.0755503043518311,0.0385289295991726,0.0,0.798088750231229,0.106682152933806,4.18,0.0,0.0,0.0,,4.251,0.337,4.083,0.17,4.466,0.015,4.879,0.037,4.69,0.036,4.451,0.029,6.505,0.021,5.929,0.023,0.949466017890197,-0.0408260515905908,0.0427389177959895,1.01024472286795,-0.0103185023069083,0.0098734383126,9.82831560046112,-0.192728764046358,0.140438202613563,4.40626896594595,-0.0244266913730247,0.0251959958917336,1.29771458011556,-0.080253941579107,0.0891334783882394,5763.16103999306,-87.3454442391458,93.0088143036473,0.0059812073357006,-0.0209993348205551,0.0214246832362341,136.605910183171,-3.9201474597603,4.16659532131715,2890.30781580103,-3.9201474597603,4.16659532131715,,,,20.292034666666662,66.85369,307,1.2720590889194143,1.30497712476291,2025.2105275806755,2025.9506636064864,217.3190761830232,1.2996492832370174,0.9709111368513906,1.0,546.0,546.0,0.1047,10.149974286764378,0.3726901356703487,0.8585811236687589,294.5381218962426,664.8972437168075,0.0758494662675514,0.0995001042055184,2.183959987247168,7.774024297476216,17.909329702944426,259,2020-03-26,2020-12-09,0.8299613,5716.66502224782,-0.0929999999999999,3.99130088517628,0.0,5870,-4.817372103785688,5807.854,4.3224,-4.84337166582,-4.830372,0,0,5716.66502224782,17.481264454820547,-0.0809421577303023,582,1
0,31.626015,24.333992,HD12846,104453918172129792,9829.0,12846,405376575,42.1141,6.063,-147.727,6.736007,0.823489,-4.44,,,True,True,5467.23187418972,122.288651334489,4.45784558883877,0.206796908974504,-0.0310000000000005,0.170203763504545,0.0090945328747616,0.0,0.0,0.0,3.44,0.0,0.0,0.0,,5.254,0.217,5.132,0.057,5.322,0.015,5.709,0.03,5.409,0.044,5.295,0.017,7.536,0.022,6.91,0.023,0.941599926274632,-0.0488251635702978,0.0545365344764706,0.948381329872868,-0.0088232573674642,0.0088425902510977,9.76695636427891,-0.350006959784153,0.191284720687269,4.45784558883877,-0.0280650177510422,0.0303116413540945,1.55780568758836,-0.105181202498822,0.125108157627263,5621.49806460888,-84.4680571207509,82.5192368328098,-0.0928854009682289,-0.0188491080326137,0.019520290423168,149.240638914823,-4.75684613316133,5.37706919694142,3295.80648113481,-4.75684613316133,5.37706919694142,,,,2.108401,24.333992,262,1.0028446801511584,1.0581236006911183,2025.49013452376,2026.1710536592989,187.6410657333167,1.064932663668512,0.921747647472885,1.0,376.0,376.0,0.144,12.23115136975204,0.383954661579446,0.8339560266966375,282.8752690952184,640.6820755579757,0.0773369457351056,0.1015631622268078,3.170377520528465,8.453341860927708,18.360801667696222,242,2020-07-02,2020-02-28,0.9880267,5467.23187418972,-0.0310000000000005,3.93970923376761,0.0,5760,-5.1369079682488845,5650.416,4.3887,-4.91517336652,-5.026041,0,0,5467.23187418972,23.745016514658985,-0.005231319070279398,27,0
21,217.40337,41.795914,HD127334,1491593733326694912,70873.0,127334,27525457,42.7526,161.373,-220.361,6.200569,0.854951,-0.55,,,True,True,5537.31498868139,104.784906663911,4.32686544843284,0.0914189837631885,0.2525,0.0944146502481181,0.0,0.0,1.12245909652867,0.0388114126072155,3.24,0.0,0.0,0.0,,4.721,0.253,4.521,0.11,4.779,0.014,5.105,0.018,4.847,0.026,4.736,0.016,7.076,0.021,6.365,0.023,1.08116096784017,-0.0340988593053235,0.0350823425569615,1.18207628323962,-0.0099486038062723,0.0096957236966968,9.74917518026944,-0.122972926626973,0.0985033193143519,4.32686544843284,-0.018986246778951,0.0190981332662199,0.923675252254681,-0.0458920502578425,0.0502339088669469,5768.02247835364,-63.2241266092797,71.4729534900071,0.14425837214147,-0.0137936694339911,0.0148642398476158,115.457842737082,-2.63008775265591,2.8179812299492,2402.68236247761,-2.63008775265591,2.8179812299492,,,,14.493558,41.795914,298,1.0260194491636738,1.0934772031865068,2025.924347658902,2026.6907936240905,222.48647201561607,1.0938202416014535,0.9460958489043912,1.0,487.0,487.0,0.0903,10.747235927536694,0.3230348541905954,0.7588189124185551,487.0093951059175,991.4813349382696,0.0609502875569139,0.0772487558259564,2.3166457917342576,8.287456650544101,19.467493246321283,270,2020-12-08,2020-09-02,0.9719038,5537.31498868139,0.2525,3.9909879712119,0.0,5680,-5.066410939337111,5588.4004,4.3092,-5.027625358453333,-5.047018,0,0,5537.31498868139,23.390390292052412,-0.01237671984405532,398,0
32,284.71252,30.180645,HD176377,2041085973668754176,93185.0,176377,20785413,41.7143,55.723,194.216,6.651565,0.773161,-40.57,,,True,True,5597.28127947492,109.34568937923,4.49585669970758,0.128679309883148,-0.1825,0.115318857473047,0.0757274954983293,0.0,0.64023435022294,0.0704246097131617,3.9,0.0,0.0,0.0,,5.314,0.145,5.183,0.052,5.329,0.015,5.625,0.02,5.386,0.016,5.296,9.995,7.395,0.022,6.817,0.023,0.987352031109638,-0.0352934745841414,0.0264733727817172,0.930654054736695,-0.0072050396468411,0.0079157825933016,9.25703946994751,-0.481606812295336,0.303839154465647,4.49585669970758,-0.0198370052499497,0.0141655106292005,1.73289194171219,-0.0882683399192115,0.0687007145480358,5877.3622437235,-67.5714535198085,67.8700599346894,-0.0313068347660672,-0.0147040199374422,0.0146968299191903,156.632719242973,-3.72789476235283,2.82765854220725,3510.93959885743,-3.72789476235283,2.82765854220725,,,,18.980834666666667,30.180645,308,1.0003374278025188,1.0685132436589568,2025.1151322706817,2025.917768672006,233.39729883968835,1.0557988553945965,0.8757955521976414,1.0,398.0,398.0,0.1361,11.888299217779526,0.4034281961262445,0.9095422153744036,341.9949688259282,763.2001690494898,0.070477446594889,0.0920993166965896,2.948217373579203,8.739118418891348,19.702631604485926,283,2020-02-18,2020-11-26,0.9619984,5597.28127947492,-0.1825,3.9528584000926,0.0,5870,-4.952987887897867,5791.2407,4.3806,-4.79047629342,-4.871732,0,0,5597.28127947492,23.972594529933378,-0.016825650282092326,528,0
34,309.66745,38.635094,HD196850,2063583390317759616,101875.0,196850,64804337,36.6832,201.043,-192.983,6.6132,0.793245,-20.93,,,True,True,5619.80252093814,101.804776083627,4.34035737209992,0.0569556315536333,-0.0700000000000002,0.0711919704827276,0.0268613853825795,0.0,0.699307052973213,0.0619736305642831,3.85,0.0,0.0,0.0,,5.189,0.199,5.057,0.06,5.233,0.018,5.537,0.023,5.285,0.023,5.228,0.018,7.371,0.084,6.76,0.001,0.987705732149307,-0.0361650621723992,0.0359514912937995,1.11170506614373,-0.0102915898434053,0.0110265538532439,9.84748832847221,-0.121495904274138,0.100436357257076,4.34035737209992,-0.0220230697713779,0.0220582901506008,1.01246926760925,-0.057178029527739,0.0625242882704136,5842.76707437309,-75.0093634741506,80.1492038586057,0.112920164983847,-0.0162934437261273,0.017042909633735,121.060636705418,-3.12478354171149,3.29368582885216,2462.9919135704,-3.12478354171149,3.29368582885216,,,,20.644496666666665,38.635094,305,1.015349472648118,1.083743939048203,2025.200659100331,2025.9868480344148,228.20044551806745,1.0737811807951494,0.8810000462382407,1.0,403.0,403.0,0.1343,11.814320283948296,0.4214340145335898,0.911753339665606,341.9949688259282,763.2001690494898,0.070477446594889,0.0920993166965896,2.942165220669331,9.232527925299935,19.974154622436764,277,2020-03-21,2020-12-22,1.057565,5619.80252093814,-0.0700000000000002,3.95407797242636,0.0,5760,-4.888579093667998,5697.0938,4.3199,-4.894039386006667,-4.891309,0,0,5619.80252093814,27.260435294630785,0.024307069450197713,538,0
44,236.61089,7.353069,27Ser,4430238051199001216,77257.0,141004,296740796,83.9214,-223.952,-69.763,4.246856,0.7825,-66.41,True,True,,,5875.74577203028,173.944684939258,4.20140933029905,0.183128806657534,-0.0289999999999999,0.0778904747930141,0.0124431105028244,0.0,1.3874004153048,0.0431054398350801,4.79,0.0,1.48104332233898,0.46021152435378,,2.05,,1.948,,3.0,0.011,3.43,0.22,3.07,0.216,2.989,0.23,5.01,0.021,4.415,0.023,1.03513522317372,-0.0557135369596873,0.0677313113227978,1.33741517337413,-0.0162651504912299,0.0169722036739359,9.88551088925502,-0.155087085264292,0.122250064082159,4.20140933029905,-0.0345314480131531,0.0359101847398993,0.611744283400232,-0.0534389871755889,0.0641042924422711,5884.08397954592,-145.821110709614,136.872673226124,0.284843502898393,-0.0333589246461327,0.0307660060445365,94.8389725278907,-3.7365353818028,4.10140390131778,1781.82495717553,-3.7365353818028,4.10140390131778,,,,15.774059333333334,7.353069,279,1.0746643932216948,1.130066043492762,2025.003289493448,2025.7203990651228,212.27116626464064,1.1263513576773585,0.9393747189317672,4.0,574.0,1148.0,0.0524,6.999875558873976,0.3904300661552997,0.8844106615962671,421.3031025565775,888.9382417334455,0.0648197006034179,0.0831379538247918,1.2941309181688685,9.6425118319521,21.842427128433464,252,2021-01-06,2020-09-13,1.130845,5875.74577203028,-0.0289999999999999,4.02959639469285,1.48104332233898,5890,-4.942772107,,,-4.8901851670975,-4.916479,0,0,5875.74577203028,11.915911793654537,0.05340308215108275,1029,1
9,46.040146,61.705822,HD18757,466294295706341760,14286.0,18757,286636275,42.4587,723.241,-691.734,6.483679,0.827446,-2.33,,,True,True,5358.32631226696,103.424254194873,4.31941871734302,0.068682912705461,-0.242,0.070719046266242,0.0965327963037944,0.0,0.287851422119315,0.0832938352059018,3.56,0.0,0.0,0.0,,,,,,,,5.391,0.021,5.115,0.023,5.027,0.018,7.277,0.099,6.643,0.027,0.881267496617365,-0.0149261026713774,0.0230014995065095,1.07501223931662,-0.0103197636063455,0.0099945486304158,10.0838603310377,-0.0578161373068884,0.0344530357447468,4.31941871734302,-0.0108801718805251,0.0161923697347595,0.999877620687114,-0.0321130064561707,0.0441573690153982,5678.29869118454,-49.7538351125368,54.4556047488186,0.0342283255751736,-0.0127899716499164,0.0136823476608812,120.992721763877,-1.83474758913208,2.36587186236659,2385.6897813694,-1.83474758913208,2.36587186236659,,,,3.069343066666667,61.705822,271,1.193059737822066,1.229832040913478,2025.526318951688,2026.207238087228,183.02865234860968,1.2334348935199129,1.0178924226048862,1.0,397.0,397.0,0.1321,11.903262470042844,0.6603577033228084,1.1282216985652895,223.91549969429528,520.2150210535058,0.0866237603713292,0.1147281374455764,2.629091455799341,13.142625250395698,22.454186434106152,242,2020-07-15,2020-03-12,0.99605733,5358.32631226696,-0.242,3.82281767567586,0.0,5670,-4.869389833875037,5588.4277,4.335,,-4.86939,0,0,5358.32631226696,23.552299057672514,-0.0017156642006942407,139,0
5,85.86187,52.48878,HD37693,215599288018509824,26974.0,37693,311223680,32.324,246.578,22.351,6.993804,0.782615,-25.67,,,True,True,5612.65784600156,101.901356740775,4.39469936870799,0.0605208513770686,-0.0920000000000005,0.0710976359509225,0.0396177167484781,0.0,0.747790047632757,0.112354923294438,3.86,0.0,0.0,0.0,,5.725,0.107,5.579,0.047,5.666,0.017,5.992,0.019,5.71,0.021,5.648,0.02,7.755,0.022,7.152,0.023,0.971849168177859,-0.0340497665526812,0.0386927098727707,1.03657302950667,-0.0099883375808522,0.00972892552213,9.78811932665083,-0.167091638122365,0.120310764219479,4.39469936870799,-0.0222917594418259,0.0235170283936075,1.23210251749378,-0.071252125913122,0.0793279973063983,5822.33634184437,-71.3495855702058,73.5757418423464,0.0454744303454029,-0.0147255451246407,0.0157270407680619,133.085019286571,-3.5167874657202,3.81086815402492,2796.7159950774,-3.5167874657202,3.81086815402492,,,,5.7241246666666665,52.48878,273,1.0924790466157153,1.1415604182699206,2025.6118457813373,2026.3125018775647,181.34630299482785,1.149674614584521,0.9924944846812608,1.0,320.0,320.0,0.1702,13.258252147247768,0.4470170618847907,0.9527704410964616,318.1119076325314,713.7715223240443,0.0730553818518328,0.0956412650706562,4.035082674271333,10.597830796210314,22.58817567230428,249,2020-08-15,2020-04-19,0.9709804,5612.65784600156,-0.0920000000000005,3.93637349238075,0.0,5830,-4.901119413001855,5745.7373,4.3599,,-4.901119,0,0,5612.65784600156,30.93676525182527,-0.012789536577841862,60,0
18,263.00412,34.27115,HD159222,1335880415564253312,85810.0,159222,39464221,41.318,-240.516,63.524,6.377123,0.793056,-51.71,,,True,True,5662.1998484187,102.809691164656,4.4204696349792,0.0788487187386387,0.179,0.112744965049002,0.0,0.0,1.00366645287958,0.0562452640443238,3.7,0.0,0.0,0.0,,5.066,0.175,4.873,0.085,5.066,0.016,5.342,0.021,5.076,0.027,4.998,0.016,7.183,0.058,6.544,0.02,1.1038508624876,-0.0500995377854552,0.0366077572193344,1.07301640055408,-0.0088793522299592,0.0089817295947225,9.34324601900365,-0.411821950145859,0.274102913616479,4.4204696349792,-0.0260608048363959,0.0182576190762305,1.26247003676026,-0.079796454187844,0.0640184054472306,5872.42210202715,-68.6410251532934,69.1108970585337,0.0906303878757056,-0.0148944171776617,0.014670347633684,134.130766714248,-3.9816829450059,3.10141063160162,2953.20038868217,-3.9816829450059,3.10141063160162,,,,17.533608,34.27115,311,1.004626132521418,1.0729001983291098,2025.0427634148243,2025.8585577899407,238.6970435593207,1.0642204901272017,0.8923584695506118,1.0,445.0,445.0,0.1277,11.24297533493792,0.3848221368453773,0.8929541225465244,518.0826590560929,1043.3254634862217,0.0591949581377173,0.0747523702867211,3.2567326590318366,9.814117627116358,22.77300590379313,287,2021-01-22,2020-11-03,0.9464635,5662.1998484187,0.179,3.94591480010237,0.0,5790,-4.902473988159859,5755.445,4.2861,-4.847743057186666,-4.875109,0,0,5662.1998484187,24.202526743792053,-0.023896129776511777,358,0
7,66.852936,46.853153,HD28005,257134507991047936,20800.0,28005,27936849,33.1264,81.452,-302.287,6.57104,0.826358,34.85,,,True,True,5599.62207102244,104.168410089201,4.30357958277204,0.0756372373357032,0.311,0.0838308100457155,0.0,0.0,0.972857082110054,0.0493380996858269,3.35,0.0,0.0,0.0,,5.151,0.177,5.06,0.073,5.215,0.016,5.506,0.02,6.85,,5.183,0.018,7.412,0.022,6.731,0.023,1.13454079036603,-0.0351104023802089,0.0307120299333072,1.24500852592727,-0.0118133324500527,0.0112505979790472,9.66792736059048,-0.115981522153875,0.10746095218162,4.30357958277204,-0.0193880512249427,0.0178414233585489,0.836127749768462,-0.0455214609915988,0.0461675071369442,5840.19755665311,-68.3261533076484,77.2031437065025,0.209828976654142,-0.0144838025130819,0.0155931611413243,109.717676351256,-2.71841021041963,2.64328351217402,2268.16983057617,-2.71841021041963,2.64328351217402,,,,4.4568624,46.853153,271,1.052406359185647,1.105423848166418,2025.5657928730643,2026.266448969292,184.9238428557211,1.1128231193674896,0.963857470541762,1.0,406.0,406.0,0.1084,11.770590385768958,0.4269194667456499,0.927600565286962,565.2603879094048,1121.7395576901213,0.056754913931785,0.0713210886724966,3.275886209073333,12.90165676657764,28.032416045684386,250,2020-07-29,2020-04-03,0.8593116,5599.62207102244,0.311,3.93994589723534,0.0,5690,-4.924871151945197,5663.0337,4.1937,-4.998346305695,-4.961609,0,0,5599.62207102244,30.187403400309123,-0.06584932554956102,76,0
2,49.416862,31.127045,HD20367,122704230645584768,15323.0,20367,101349357,38.3758,-101.95,-58.033,6.270825,0.720617,6.46,,,True,True,5814.62722198966,102.848267351474,4.3900275088948,0.0694013628160628,0.0659999999999998,0.106364898108625,0.0,0.0,1.15991358746124,0.0481637524565869,4.4,0.0,0.0,0.0,,5.164,0.125,4.899,0.108,5.078,0.015,5.325,0.023,5.117,0.026,5.039,0.02,7.864,0.128,6.41,0.023,1.12769364989374,-0.0458771367613531,0.0405739335479103,1.12218536035633,-0.0088621986203909,0.009934174962652,9.33064556474469,-0.379882127301034,0.238328602876724,4.3900275088948,-0.0237725470811343,0.0203897171159948,1.12561248354882,-0.0672996946391999,0.0634704199459411,6036.3389406676,-69.1234376244947,74.9045579342446,0.177584839108452,-0.0148518028023816,0.0157717882423821,126.573521352237,-3.47990978141107,3.12661523854035,2718.115325054,-3.47990978141107,3.12661523854035,,,,3.2944574666666666,31.127045,265,1.0009448985394584,1.057459666836508,2025.529608445136,2026.2203960610195,185.5362598780507,1.0641458576019691,0.9324974040554912,1.0,461.0,461.0,0.1234,11.046146548872857,0.4073439277066077,0.9364787998899956,565.2603879094048,1121.7395576901213,0.056754913931785,0.0713210886724966,3.7230317621517295,12.289743768001124,28.25397339199504,246,2020-07-16,2020-03-17,0.9785039,5814.62722198966,0.0659999999999998,3.98519373922097,0.0,6130,-5.6609375396827,5964.0015,4.2276,-4.42132923858,-5.041133,0,0,5814.62722198966,26.058088691310672,-0.009437439045219636,35,0
23,187.7089,53.076607,HD108954,1569335115284976000,61053.0,108954,141249230,44.8247,18.936,181.697,6.072821,0.726724,-21.82,,,True,True,5850.87839395109,113.861909392661,4.40104727270608,0.208168892985136,0.0679999999999996,0.18058267497167,0.0,0.0,0.770879227368382,0.0483119358351418,4.58,0.0,0.0,0.0,,4.793,0.266,4.63,0.124,4.861,0.014,5.116,8.888,4.891,0.024,4.82,0.016,6.755,0.115,6.208,0.018,1.05990298580701,-0.0659272388261084,0.0588000264858302,1.07399105634855,-0.0101163432747304,0.0111405123707031,9.55866426483866,-0.417503337250022,0.242976426537675,4.40104727270608,-0.0337812872692353,0.0295984026472453,1.20518374425849,-0.0986822079508804,0.0969186009194436,5888.21285651945,-97.90958783308,98.3418242899925,0.0963110451809266,-0.0214629347515708,0.0220552421213585,131.282218485392,-4.99024606999261,4.6928966475935,2819.91389281854,-4.99024606999261,4.6928966475935,,,,12.513926666666666,53.076607,284,1.0961652837577172,1.1499508929978457,2025.855268296493,2026.5756613534088,200.405189257022,1.1557594721675386,1.0156558568682337,1.0,480.0,480.0,0.119,10.825317547305485,0.5598657197055185,1.1688665018449096,454.0599634503632,940.0102258517256,0.0628210234324772,0.080065385073481,3.120950801193959,14.683305600638404,30.65525080186261,254,2020-11-13,2020-07-23,0.8895326,5850.87839395109,0.0679999999999996,3.92823887760849,0.0,6140,-5.086294952821111,5959.8086,4.344,-4.82365103431,-4.954973,0,0,5850.87839395109,22.309128672361442,-0.05083813106440418,414,0
17,249.10834,30.941683,HD149890,1312210782076778624,81312.0,149890,57011334,26.003,-2.537,-465.493,6.969695,0.714095,-4.81,,,True,True,5795.13987563614,104.678079815127,4.3024190820932,0.110411990439209,-0.182,0.118516137210041,0.0761656598636787,0.0,0.717775884101697,0.0483866444294637,4.62,0.0,0.0,0.0,,7.869,,5.639,0.075,5.79,0.018,6.03,0.023,5.801,0.02,5.757,0.016,7.652,0.105,7.113,0.008,1.05777210666334,-0.0451842595372098,0.0433423415326324,1.20254584592487,-0.0100340904139855,0.0108763111863031,9.71679613326813,-0.126433638398701,0.109211882028184,4.3024190820932,-0.0234840489848098,0.0221104562778214,0.858153049979052,-0.0512360450095142,0.0520079942526724,6037.76929433466,-72.8740521559539,80.0426042656254,0.23801029669423,-0.0154885229731901,0.0164900919371045,111.265379318803,-3.0604007110405,2.92973898909111,2217.90747635752,-3.0604007110405,2.92973898909111,,,,16.60722266666667,30.941683,307,1.0007080277782252,1.070004379944876,2025.0065789868963,2025.8092153882203,235.63905466498144,1.063516204326156,0.8974627809183717,1.0,338.0,338.0,0.1683,12.9003921778834,0.6764019734009018,1.27187934760129,454.0599634503632,940.0102258517256,0.0628210234324772,0.080065385073481,4.070567142122064,16.359712702271146,30.762152591143547,282,2021-01-08,2020-10-15,0.9813877,5795.13987563614,-0.182,3.8936332258426,0.0,6060,-5.158426286020301,5960.1816,4.2534,,-5.158426,0,0,5795.13987563614,38.4571011037188,-0.008159389452313974,346,0
12,164.86655,40.430256,47UMa,777254360337133312,53721.0,95128,21535479,72.007,-316.85,55.18,4.866588,0.795862,11.42,,,True,True,5673.92485517569,102.687610253736,4.27226975916421,0.101847455862611,0.112,0.0863118761090669,0.0,0.0,0.785866481738686,0.0540179100372776,3.86,0.0,0.0,0.0,,3.556,0.353,3.143,0.314,3.586,0.015,3.96,0.296,3.736,0.224,3.75,0.34,5.646,0.021,5.034,0.023,0.997170331438636,-0.0417037769737674,0.0447616982706165,1.20773625036123,-0.0121680116552267,0.0126155738081519,9.96025977020605,-0.110088903111457,0.0903970831643992,4.27226975916421,-0.0241963765508073,0.0255110627999251,0.797318419271975,-0.0489975699627013,0.055350947493543,5696.09802762827,-87.2341237868659,93.1575447520427,0.140727154710817,-0.0212964723934899,0.0222265415404541,108.000571629916,-3.03463402635199,3.26511593891219,2133.56409915926,-3.03463402635199,3.26511593891219,,,,10.991103333333331,40.430256,272,1.0206353195008575,1.078744468605299,2025.802636401324,2026.503292497552,187.49849582110232,1.0858010234073197,0.9848731236300374,3.0,497.0,861.0,0.0663,8.082760076419545,0.6909283381319116,1.2682212370749322,357.2449270932882,788.1094082093332,0.0692613479610505,0.0901635674147161,1.6305087912087608,16.99192653724496,31.18922890268969,249,2020-10-24,2020-06-28,0.85005933,5673.92485517569,0.112,3.86084275155137,0.0,5850,-5.126344698145407,5763.587,4.2777,-4.925288030823333,-5.025816,0,0,5673.92485517569,13.887538711514157,-0.07055076158877123,221,1
45,260.6152,24.879427,HD157466,4570293086432167168,85007.0,157466,286377115,33.5684,74.258,-176.618,6.747256,0.705533,34.19,,,True,True,5849.89925593932,105.28895387957,4.41350341097723,0.1281196468565,-0.274,0.183807484303089,0.115256678991648,0.0,0.790838205172305,0.0597945794412753,4.96,0.0,0.0,0.0,,5.502,0.157,5.353,0.056,5.513,0.015,5.781,0.024,5.547,0.051,5.463,0.018,7.802,0.0,6.884,0.023,1.05475857977212,-0.0625792071655974,0.0485023011463901,1.05738565193451,-0.0091866425242661,0.009865009221152,9.44554433671058,-0.375492062448494,0.27026738523544,4.41350341097723,-0.0321126499910465,0.0232894329746554,1.26035384770925,-0.0980147437323207,0.0784738344162632,6019.45653852337,-74.1359691613043,77.6569591802008,0.121240582036649,-0.015362744635591,0.0161574501316158,133.919230025748,-4.80678085546811,3.77398025197957,2867.73887494965,-4.80678085546811,3.77398025197957,,,,17.374346666666668,24.879427,304,1.002328448926218,1.0695430058032034,2025.0460529082727,2025.8388208292529,233.50342954201383,1.0594090033521548,0.8891327624809746,1.0,370.0,370.0,0.1981,12.329924047901796,0.7469056319289067,1.3522452943343732,437.6247334879743,914.4226139116208,0.0638035130104803,0.0815692165488893,4.739065399496687,17.867918409709684,32.349211943524686,281,2021-01-22,2020-10-28,1.0570524,5849.89925593932,-0.274,3.88494861465065,0.0,6060,-5.203960995764178,6000.989,4.3341,-4.781021038585,-4.992491,0,0,5849.89925593932,29.789921473767,0.024096516604293596,1061,0
20,261.35022,52.790688,HD158259,1416050859226670848,85268.0,158259,188768068,37.0177,-90.678,-49.702,6.320388,0.778639,13.39,,,True,True,5684.10939469905,101.158292159701,4.28015492091678,0.0704567756028247,-0.0259999999999998,0.0757849122965015,0.0099060739057963,0.0,0.945605988786306,0.0650039494253581,4.06,0.0,0.0,0.0,,4.998,0.204,4.828,0.094,5.0,0.015,5.269,0.029,5.026,0.026,4.965,0.023,7.073,0.022,6.479,0.023,1.03715790847516,-0.0397821623000759,0.0392587211244082,1.22136072029419,-0.0111277138437531,0.0123267600725971,9.82950816047755,-0.106144454506216,0.0904427625088164,4.28015492091678,-0.0232901731315538,0.021606633053584,0.803119412105149,-0.0486237419184584,0.0477045261860823,5892.49444909934,-82.3382031685569,78.938284168421,0.20934211890857,-0.0174306667171132,0.016711394421949,108.044345987617,-2.98727302056463,2.82174673764122,2134.58466137291,-2.98727302056463,2.82174673764122,,,,17.423347999999997,52.790688,319,1.0947240899926016,1.1529888781087156,2025.0361844279284,2025.855268296493,239.41223237463817,1.145306441723445,0.9332878259134002,1.0,444.0,444.0,0.1283,11.255629222268706,0.8360050744181287,1.413000937625415,421.3031025565775,888.9382417334455,0.0648197006034179,0.0831379538247918,2.9836365411097594,19.441428593820053,32.85955752238145,289,2021-01-19,2020-11-02,0.96956354,5684.10939469905,-0.0259999999999998,3.83850991259881,0.0,5900,-4.85871254240404,5754.2856,4.2531,-4.75086859947,-4.804791,0,0,5684.10939469905,27.014104063731676,-0.01342372431901092,384,0
16,90.68809,47.80953,HD40650,969752767321089792,28634.0,40650,440462174,36.2358,35.561,95.239,6.358743,0.72874,-76.81,,,True,True,5785.54718122884,101.017713774119,4.30543175489654,0.0604572097430258,-0.0860000000000003,0.0644323517022948,0.0374940884618312,0.0,0.981803172158671,0.0392145696508918,4.49,0.0,0.0,0.0,,5.081,0.178,4.897,0.081,5.098,0.015,5.391,0.024,5.151,0.192,5.086,0.026,7.053,0.023,6.503,0.023,1.02951554792906,-0.0340979480142707,0.0357612661153845,1.18239264924533,-0.0108830660705226,0.0113887137869915,9.78325622696315,-0.113887102496346,0.0933661055743986,4.30543175489654,-0.0212137390734206,0.0212734724959436,0.878693654691693,-0.0489129103867374,0.0516929113950244,5965.70176379352,-77.3780831898221,77.4704894055076,0.202084486177537,-0.0163256293287969,0.0164710332706319,112.754193820851,-2.85186002832461,2.9228112455495,2247.86962297683,-2.85186002832461,2.9228112455495,,,,6.045872666666667,47.80953,272,1.057963904185541,1.110485826830444,2025.6217142616813,2026.322370357909,180.88279474234685,1.118659013891845,0.9777320261989408,1.0,431.0,431.0,0.1324,11.424116632600825,0.7197332412037006,1.3093653844765505,405.0994934553517,863.5607807252334,0.0658714651874486,0.084776287407615,3.4857118398907887,18.948509670896616,34.471830992545826,249,2020-08-19,2020-04-23,0.944747,5785.54718122884,-0.0860000000000003,3.8719994056935,0.0,6070,-4.898700456447429,5940.171,4.1949,-4.85388869363,-4.876295,0,0,5785.54718122884,27.597017314368664,-0.02468447849061375,273,0
42,346.37982,14.451673,HD218133,2815678171532956288,114028.0,218133,217856007,25.0718,386.336,91.025,6.963414,0.747048,-49.34,,,True,True,5927.19458209654,116.305244867038,4.28030381345301,0.223070275677315,0.217,0.211404091405415,0.0,0.0,0.85000796384715,0.0578886651868699,4.79,0.0,0.0,0.0,,5.678,0.148,5.5,0.055,5.663,0.015,5.97,0.018,5.731,0.016,5.681,0.018,7.659,0.0,7.1,0.03,1.16245373961317,-0.0548085008026566,0.0605612380081493,1.29447991125176,-0.0113224241454968,0.0108634385368844,9.56603680227182,-0.196499039511833,0.130485079130768,4.28030381345301,-0.0251151724628897,0.0268460301511757,0.763164024640777,-0.0478780393075006,0.0583966560551129,6085.67927487669,-76.7439220025117,83.1409310448062,0.314505940297845,-0.0163064068077801,0.017350871313442,104.540868784409,-2.93942338330325,3.29226099804663,2105.11910482054,-2.93942338330325,3.29226099804663,,,,23.091988,14.451673,265,1.031370267704378,1.086033115682924,2025.3717127596296,2026.0559213886168,198.654396185208,1.0872971391473218,0.8905009610430603,1.0,336.0,336.0,0.1786,12.938729237669142,0.6262532290979883,1.268808123757331,613.0614155474395,1200.8679031881722,0.0545191870899612,0.0682149852378093,5.421037887627069,19.0086365184154,38.512076769414925,241,2020-05-21,2021-01-16,0.9116632,5927.19458209654,0.217,3.91529913337641,0.0,5930,-4.873329416315888,5859.08,4.2284,-4.95110115646,-4.912215,0,0,5927.19458209654,39.885448990499285,-0.040165575483923736,679,0
24,216.31596,53.58495,HD126675,1608397975984282368,70499.0,126675,441708762,24.8308,85.653,-74.376,6.999436,0.661261,-3.56,,,True,True,5935.69053153015,102.487052941088,4.33246748161845,0.116227815772838,-0.04,0.109873773766551,0.0175927032280434,0.0,1.11140813966076,0.0367211284743984,5.15,0.0,0.0,0.0,,5.852,0.13,5.772,0.047,5.886,0.015,6.148,0.024,5.912,0.017,5.876,0.024,7.617,0.023,7.11,0.03,1.1058765900405,-0.043669865890104,0.0515474314901416,1.18752609130962,-0.0108730975212892,0.0110931337422571,9.55875603694984,-0.223029776627692,0.139931240268361,4.33246748161845,-0.023064387405876,0.0257154560522066,0.932376039338364,-0.0556291478012327,0.0655652488934225,6100.52441804922,-82.898598521946,82.3763646891021,0.244528085104574,-0.0169583145790763,0.0170761935107525,115.508055850394,-3.12260604920597,3.47794268156368,2368.79962123862,-3.12260604920597,3.47794268156368,,,,14.421064,53.58495,300,1.100856100304522,1.1587236401653995,2025.924347658902,2026.6842146371944,219.99229759341944,1.1582785370399762,0.9822352104056196,1.0,315.0,315.0,0.1914,13.36306209562122,0.8429161328938904,1.496194096015549,533.735421590162,1069.3798881893963,0.0583571114295575,0.0735691574567209,5.157554888354121,22.71361662319456,40.31715346829452,268,2020-12-08,2020-08-31,0.9821577,5935.69053153015,-0.04,3.87199717633863,0.0,6300,-5.002219873321735,6168.7495,4.2354,,-5.00222,0,0,5935.69053153015,40.2725647180115,-0.007818774187490248,422,0
33,290.89172,33.221966,HD182488,2046207670631964928,95319.0,182488,394547839,64.0703,81.966,160.158,6.161308,0.95756,-21.6,,,True,True,5068.20010909704,116.981577652829,4.45944344903825,0.175882888465233,0.285,0.146334222923384,0.0,0.0,0.0,0.0,3.12,0.0,0.0,0.0,,4.49,0.199,4.208,0.129,4.54,0.014,5.369,0.218,4.743,0.096,4.493,0.036,7.18,0.091,6.376,0.015,0.889776407905191,-0.0206064035447369,0.0376168262265472,0.918770425250155,-0.0084832748230351,0.0074711594432942,10.02571267677,-0.164076159686784,0.0757115435202174,4.45944344903825,-0.0126629043073025,0.0223998010093718,1.61376195125787,-0.0537221248669546,0.0963758119846019,5220.42674715699,-63.9749653917152,80.2913813932428,-0.248027670653822,-0.0179732889652385,0.0205040840691946,151.963646708139,-2.41059641876282,4.12387192147696,3435.26965743007,-2.41059641876282,4.12387192147696,,,,19.39278133333333,33.221966,308,1.0031309672020985,1.071767979823434,2025.1348692313704,2025.9375056326944,233.53007204806104,1.0601395888116325,0.8769907985596148,1.0,525.0,525.0,0.0808,10.350983390135314,1.8596566484161408,2.336735927771372,232.77585734860773,538.1384931417552,0.085008382554668,0.1124036621143793,1.45070013340465,33.38866519732847,41.95424656125455,283,2020-02-25,2020-12-03,0.97614366,5068.20010909704,0.285,3.56705027449786,0.0,5300,-4.976589287312128,5305.309,4.4263,-5.045917631263333,-5.011253,0,0,5068.20010909704,15.607855745954053,-0.010486262093562269,532,0
40,334.31308,12.898491,HD211476,2733790256348020608,110035.0,211476,404487000,32.6807,850.096,98.503,6.89919,0.771885,-25.39,,,True,True,5583.5260449131,109.607269540687,4.38574248628075,0.15411014261998,-0.0860000000000003,0.118620595834055,0.0333369982695139,0.0,0.614483385157029,0.0602050529328365,3.85,0.0,0.0,0.0,,5.515,0.16,5.412,0.052,5.579,0.015,5.88,0.018,5.585,0.016,5.542,0.017,7.661,0.024,7.061,0.023,1.01311918742788,-0.0456717330852355,0.0452391867370585,1.06903493013937,-0.0093743225648499,0.0095366163061556,9.71163755592529,-0.200299829268257,0.142440600166241,4.38574248628075,-0.025003778756175,0.0243040007347934,1.16890472985054,-0.0715776492392595,0.0768832150960395,5869.46589680697,-71.7825742118957,71.4555254671132,0.0864272964192891,-0.0148485743470403,0.0148581161275985,129.541495321862,-3.64191209707046,3.8417410281246,2728.69892692053,-3.64191209707046,3.8417410281246,,,,22.287538666666663,12.898491,270,1.0389100704647098,1.0958046241617765,2025.332238838253,2026.023026454136,202.04684433279257,1.0907193821785073,0.8836026520760923,1.0,352.0,352.0,0.1539,12.64124742118579,1.1886110918778237,1.7454368118399888,373.0653118788716,813.1422084169923,0.0680900039476034,0.0882830315111676,3.7087595226061865,28.643747275355526,42.06241323599052,244,2020-05-07,2021-01-05,1.0199426,5583.5260449131,-0.0860000000000003,3.77406347033529,0.0,5870,-4.948773291437281,5789.645,4.2914,-4.86109944444,-4.904936,0,0,5583.5260449131,30.599099774484632,0.008575731365145797,661,0
35,273.88525,45.209316,HD168009,2115351387048328832,89474.0,168009,416117806,42.9348,-77.29,-114.748,6.149785,0.802115,-64.59,,,True,True,5590.84178360625,105.483285806988,4.3014985773118,0.108438416820138,0.0679999999999996,0.0901189150730968,0.0,0.0,0.935064220223544,0.0495065853054709,3.73,0.0,0.0,0.0,,4.792,0.216,4.599,0.091,4.795,0.015,5.12,0.037,4.836,0.023,4.756,0.021,6.93,0.123,6.295,0.006,1.00240038641353,-0.0430136667991395,0.0422684398788638,1.17160799077183,-0.0122067147211424,0.0118045679886611,9.91274015441408,-0.114352389380544,0.102555473919114,4.3014985773118,-0.0252268514111487,0.0242632831682439,0.880029889084025,-0.0574983995536563,0.0588069736167819,5735.58366516204,-86.1353339156049,88.0488534921433,0.126335825453862,-0.0196143451996202,0.018972156388083,113.15608856295,-3.3746372961798,3.3743358783501,2273.66810146621,-3.3746372961798,3.3743358783501,,,,18.259016666666664,45.209316,317,1.0427622184379275,1.1067424600485518,2025.072368855857,2025.8947422178687,239.40237471302115,1.0966251594649477,0.9044459831346324,1.0,494.0,494.0,0.1098,10.670819872958855,1.442680516076848,2.016660277186144,357.2449270932882,788.1094082093332,0.0692613479610505,0.0901635674147161,2.3897178274192283,31.39890117066682,43.89115679635639,290,2020-02-02,2020-11-17,0.95885587,5590.84178360625,0.0679999999999996,3.71837593308676,0.0,5870,-5.111938064625472,5697.6694,4.2976,-4.97450254604,-5.04322,0,0,5590.84178360625,23.291129806124633,-0.018246668708273572,558,0
3,72.87268,35.81514,HD30708,174156255225869440,22576.0,30708,96211765,33.2938,20.606,-117.851,6.617842,0.838979,-55.68,,,True,True,5478.13904247548,102.039914499866,4.27209113612878,0.0675783808945395,0.236,0.0605552936440711,0.0,0.0,0.796728282071547,0.0477419643103227,3.33,0.0,0.0,0.0,,5.199,0.171,5.062,0.084,5.216,0.015,5.551,0.02,5.267,0.021,5.173,0.018,7.458,0.023,6.786,0.023,1.06366344043867,-0.0336651833111341,0.0342678257932736,1.24948090315959,-0.0113151810898331,0.0114329698166789,9.86987383399343,-0.0925652346088093,0.0832576337947213,4.27209113612878,-0.0214746980174647,0.0199273303486338,0.770715924235673,-0.0434927324065839,0.0437509864459669,5706.78528366692,-68.6849631043615,68.6125778337528,0.173170945223724,-0.0142870065824933,0.0146002269799722,105.912718420291,-2.73879572323014,2.70941446116399,2128.32680252401,-2.73879572323014,2.70941446116399,,,,4.858178666666666,35.81514,267,1.0077449224533284,1.0641703886084282,2025.582240340305,2026.279606943084,182.7827754310688,1.073739093526917,0.9455897099474478,1.0,394.0,394.0,0.1378,11.948493522696864,2.189591774216524,2.771723328561505,454.0599634503632,940.0102258517256,0.0628210234324772,0.080065385073481,3.784216947465589,60.12982801176644,76.11612767509563,247,2020-08-05,2020-04-07,0.8566804,5478.13904247548,0.236,3.625756374091,0.0,5760,-4.844596723396023,5607.158,4.1753,-5.041121974175,-4.942859,0,0,5478.13904247548,30.035622247986115,-0.06718116921356868,49,0
8,47.107372,57.01292,HD19256,460050169170768128,14592.0,19256,251808762,30.8296,130.091,-107.834,6.507787,0.752752,4.19,,,True,True,5722.56613814959,101.511279052456,4.28839343307547,0.0641605553900146,0.284,0.0624161550972106,0.0,0.0,1.10878855451907,0.0467578623788188,3.91,0.0,0.0,0.0,,5.252,0.181,5.108,0.079,5.28,0.018,5.546,0.023,5.326,0.021,5.254,0.016,7.264,0.022,6.652,0.023,1.1703423890224,-0.0282941572280442,0.0307935848175409,1.28764898795638,-0.0117705956393848,0.0114506746269614,9.60213481447936,-0.123546412599623,0.094284199052435,4.28839343307547,-0.0171699162239056,0.0178101746250778,0.786603345046533,-0.0388591291820749,0.0410977227976844,5921.40330585617,-73.2899478732725,76.499135377755,0.261541502729335,-0.015021244970173,0.0164484451021604,106.191284659153,-2.31096283218743,2.41086186118115,2180.572151861,-2.31096283218743,2.41086186118115,,,,3.1404914666666666,57.01292,272,1.1363599015072026,1.1800747415811277,2025.52302945824,2026.217106567572,187.75731508251985,1.187174754186218,0.9952577712330956,1.0,402.0,402.0,0.1135,11.829005585184596,1.991526303968439,2.6197626799560783,629.123423447308,1227.3915903061502,0.0538147699307149,0.067243542388052,3.590007784837704,62.99202585864101,82.86315784554719,246,2020-07-14,2020-03-15,1.0048776,5722.56613814959,0.284,3.70123767573498,0.0,6050,-4.939525781054077,5874.301,4.2527,,-4.939526,0,0,5722.56613814959,32.436359861950855,0.0021131653565968503,138,0
6,72.931564,45.834118,HD30649,254503754623418240,22596.0,30649,21240825,32.2304,372.127,-553.583,6.803674,0.777902,30.04,,,True,True,5502.65853481284,102.351498386248,4.25140535337442,0.0747394703344511,-0.4,0.0796552057809938,0.159016629368126,0.0,0.765354621559661,0.0444960222200059,4.06,0.0,0.0,0.0,,5.411,0.165,5.203,0.063,5.418,0.015,5.798,0.018,5.496,0.018,5.44,0.017,7.537,0.026,6.97,0.023,0.876011210353562,-0.0168139127678564,0.0238901258936403,1.15934317930983,-0.0083222588814246,0.007915525844663,10.0925634680113,-0.0497645785079293,0.0267898124992954,4.25140535337442,-0.010187415310587,0.0155037132575879,0.791600419793379,-0.0210634831950879,0.0332820953685864,5792.09642728193,-48.6959546522949,56.1172518736748,0.13415971548323,-0.0110826069454605,0.0127669444719094,108.128920785475,-1.28403333581994,2.0060745250361,2017.40615997068,-1.28403333581994,2.0060745250361,,,,4.862104266666666,45.834118,270,1.0463818304520938,1.1001878835346397,2025.5789508468567,2026.282896436532,184.45894313812204,1.109300750426356,0.96385580605567,1.0,350.0,350.0,0.1972,12.677313820927749,4.069281719960588,4.879625133947337,223.91549969429528,520.2150210535058,0.0866237603713292,0.1147281374455764,3.909484267202513,80.67339180020639,96.73842642501552,249,2020-08-04,2020-04-08,0.8899536,5502.65853481284,-0.4,3.44734378700968,0.0,5810,-4.983276812732239,5728.94,4.2789,-4.844209980976667,-4.913743,0,0,5502.65853481284,31.02660841938046,-0.05063263581494108,75,0
4,79.78532,40.099052,15Aur,188771135583573504,24813.0,34411,409104974,79.6021,520.569,-664.488,4.525885,0.790791,66.53,,,,,,,4.43067267977463,,2.0,,,,,,,,0.0,,,3.391,0.519,2.098,0.139,3.629,0.019,3.397,0.26,3.154,0.204,3.038,0.258,5.305,0.021,4.701,0.023,1.04275887279172,-0.311816457305742,0.0608892268743024,1.04770890828938,-0.795901377364726,0.0203033067446459,9.37505791082487,-0.593615609164143,0.429009790483736,4.43067267977463,-0.0479027874052251,0.952569034481108,1.32321102905933,-0.153494239902984,50.399966587729,6172.5479901086,-219.431991690671,77104.1140072999,0.156779716845284,-0.0487453997413607,3.26097760392192,136.64000655292,-7.23390751421573,659.448311338174,2947.91649322897,-7.23390751421573,659.448311338174,,,,5.319021333333333,40.099052,269,1.020025261522782,1.0758029129155364,2025.598687807545,2026.2960544103248,181.50396755999225,1.0830766572774733,0.953838648423144,,,,,,,,421.3031025565775,888.9382417334455,0.0648197006034179,0.0831379538247918,,,,249,2020-08-10,2020-04-14,0.8881429,,,,,5870,-6.0,5761.5337,4.2455,-4.93069914071,-4.930699,0,0,5761.5337,12.562482648070844,-0.05151715168931458,54,1
14,147.14738,46.021008,15LMi,821455861647126656,48113.0,84737,23969522,53.1277,221.75,-92.356,4.916553,0.787008,4.79,,,,,,,4.26761735197152,,2.0,,,,,,,,0.0,,,3.621,0.377,3.265,0.292,3.656,0.015,3.961,0.318,3.725,0.262,3.609,0.017,5.682,0.021,5.085,0.023,1.42311140480694,-0.0708941622330193,0.057497812530481,1.45257466823857,-0.052404415742618,0.0346056711129918,8.86313901161917,-0.474784795154072,0.319605660004115,4.26761735197152,-0.0391857584066519,0.0427005331956245,0.658267962487899,-0.0694492017425751,0.0958803505870173,6948.55857563672,-330.683895727579,587.834153607879,0.646530699048844,-0.0655374827396237,0.106246527629942,92.0445887563478,-2.79092767438034,3.22251035417088,1913.02213763705,-2.79092767438034,3.22251035417088,,,,9.809825333333334,46.021008,270,1.046521801099284,1.1002172374592771,2025.7598729865,2026.457239589279,181.6530329313244,1.1070278369849833,0.9971508669556716,,,,,,,,1046.5443269686975,1908.9166746093783,0.0408224021513402,0.049877920420962,,,,248,2020-10-08,2020-06-11,0.79888976,,,,,5880,-6.0,5785.533,4.1278,-5.0355520616166665,-5.035552,0,0,5785.533,18.822572782183308,-0.09751314550054772,229,1
19,231.12862,37.347298,mu.02BooA,1387349065967311744,,,1101794352,27.2223,-139.142,90.281,6.888323,0.72172,,,,,,,,4.22341060184565,,2.0,,,,,,,,0.0,,,5.066,0.179,4.943,0.059,5.141,0.015,5.425,0.021,5.191,0.02,5.121,0.015,0.0,0.0,6.991,0.046,1.32796357544347,-0.113242470169349,0.0740337469125587,1.4778405532214,-0.021428133485192,0.0240362563281575,9.27462267250037,-0.286815835392389,0.247883427718545,4.22341060184565,-0.048994238455677,0.0324470650140123,0.586897653063289,-0.0650705787914511,0.0493306943769657,6504.85535025058,-176.946932862481,192.03806201236,0.545384977677158,-0.0358665250340158,0.0394607137983302,90.0384742798891,-4.1799032619448,2.51391544369217,1787.28080662022,-4.1799032619448,2.51391544369217,,,,15.408574666666668,37.347298,304,1.0111204626739814,1.0811050068493129,2025.9605320868309,2026.7434255192595,229.39620549032105,1.0761018527222683,0.9190557767820284,,,,,,,,893.2855477954489,1660.0783560944442,0.0446761582317571,0.0549273415953314,,,,277,2020-12-21,2020-09-22,0.9554039,,,,,4730,-6.0,5988.049,4.2054,,-6.0,0,0,5988.049,36.73458892158267,-0.019812990240206926,373,0
22,191.24753,39.278915,10CVn,1521686782461765888,62207.0,110897,389853353,56.9588,-359.699,139.016,5.803025,0.756415,80.45,,,,,,,4.39348008751674,,2.0,,,,,,,,0.0,,,4.504,0.291,3.89,0.148,4.426,0.013,5.173,0.186,4.667,0.036,4.465,0.029,6.504,0.072,5.956,0.011,0.973693078532224,-0.0701300125329575,0.0852264895040109,1.03675650542799,-0.0178443326652717,0.0177987155169326,9.81813866777326,-0.483424844467669,0.231428079682635,4.39348008751674,-0.0424919220163202,0.0501534546007054,1.22827223166871,-0.130134511303049,0.172044024909934,5757.57632449494,-187.113667535,203.340103948703,0.0267724208732017,-0.0434055685946323,0.0455376904529652,132.917612010046,-6.56642191164211,8.09507643317647,2808.736330213,-6.56642191164211,8.09507643317647,,,,12.749835333333335,39.278915,282,1.016662330528086,1.0800039870247091,2025.865136776837,2026.5855298337528,201.3446314694651,1.08296927082378,0.9745401011134088,,,,,,,,318.1119076325314,713.7715223240443,0.0730553818518328,0.0956412650706562,,,,256,2020-11-16,2020-07-28,0.8316593,,,,,5920,-6.0,5841.451,4.3358,-4.842727373535,-4.842727,0,0,5841.451,17.556549646411092,-0.0800545516342249,402,1
