,GAIA,HD,name,method,year,period,radius,mass,k,ecc,peri,Tp,T0,Tc,i,MP_stability
0,Gaia DR3 43802039287826432,HD24040,HD 24040 b,Radial Velocity,2006,3552.0,,1287.205,50.53,0.04,110.5,2454308.0,2456932.0,2456932.0,,39.8
1,Gaia DR3 43802039287826432,HD24040,HD 24040 c,Radial Velocity,2021,515.4,,63.8835,4.85,0.11,-17.1887,,2454984.0,2454984.0,,39.8
2,Gaia DR3 102082477749475200,HD16232,30 Ari B b,Radial Velocity,2009,335.1,,3140.03,272.0,0.289,322.0,2453890.35,,2453981.77,,5.0
3,Gaia DR3 105332908999068032,HD12661,HD 12661 b,Radial Velocity,2000,262.6193,,737.35,73.595,0.3689,296.15,2451526.75,2456079.28,2456079.28,,0.0
4,Gaia DR3 105332908999068032,HD12661,HD 12661 c,Radial Velocity,2002,1702.35,,585.5858,30.185,0.028,60.0,2454127.21,2455774.9,2455774.9,,0.0
5,Gaia DR3 116037204451525376,HD18143A,HD 18143 b,Radial Velocity,2022,10.2851,,10.8062,3.614,0.224,60.123,2427146.014,,2427146.55,,41.7
6,Gaia DR3 116037204451525376,HD18143A,HD 18143 c,Radial Velocity,2022,28982.4176,,3177.6484,43.943,0.194,313.318,2427146.014,,2436782.41,35.98,41.7
7,Gaia DR3 129321160344480512,HD17674,HD 17674 b,Radial Velocity,2017,623.8,,276.5121,21.1,0.01,0.0,2455904.8,,2456058.76,,88.0
8,Gaia DR3 169149766470219520,HD26161,HD 26161 b,Radial Velocity,2021,21471.1451,,6668.04,334.5495,0.871,2.2486,2448488.814,2460540.0,2460540.0,59.558,8.0
9,Gaia DR3 224870885460646016,HD23596,HD 23596 b,Radial Velocity,2003,1561.0,,2870.0049,127.0,0.282,273.35,2452362.1901,,2453117.82,36.449,90.0
10,Gaia DR3 297045096447719040,HD8574,HD 8574 b,Radial Velocity,2002,227.02,,608.6325,58.3,0.2985,18.0,2452725.9,2453548.1,2453548.1,,3.0
11,Gaia DR3 317350357498173312,HD8673A,HD 8673 b,Radial Velocity,2009,1639.3455,,4361.7954,283.917,0.7265,323.4295,2452782.0465,,2452946.77,95.45,0.0
12,Gaia DR3 340028235795364864,HD16175,HD 16175 b,Radial Velocity,2009,990.0,,1568.491,98.75,0.6185,221.5,2455800.4,,2455638.29,59.0,7.0
13,Gaia DR3 348020482735930112,HD9826,ups And b,Radial Velocity,1996,4.6171,,218.531,70.51,0.02,51.0,2450006.3503,2454083.853,2454083.85,,4.5
14,Gaia DR3 348020482735930112,HD9826,ups And c,Radial Velocity,1999,241.2405,,629.4375,56.085,0.2495,237.05,2450159.4,2455133.7,2455133.7,,4.5
15,Gaia DR3 348020482735930112,HD9826,ups And d,Radial Velocity,1999,1279.8035,,1307.8672,65.4,0.2815,255.7455,2450071.02,2453360.6,2453360.6,,4.5
16,Gaia DR3 351537889154226816,HD13931,HD 13931 b,Radial Velocity,2009,4449.0,,610.2336,23.38,0.02,86.5,2453359.0,2456650.0,2456650.0,43.0,100.0
17,Gaia DR3 369092520004831232,HD3765,HD 3765 b,Radial Velocity,2021,1211.0,,54.9843,3.85,0.298,-63.0254,,2455607.0,2455607.0,,100.0
18,Gaia DR3 385334230892516480,HD1326,GJ 15 A b,Radial Velocity,2014,11.4432,,5.35,2.85,0.075,30.0,,2455783.63,2455783.63,,83.9
19,Gaia DR3 385334230892516480,HD1326,GJ 15 A c,Radial Velocity,2018,7600.0,,36.0,2.5,0.27,-58.4,,2463451.84,2463451.84,,83.9
20,Gaia DR3 553480551264062848,HD33564,HD 33564 b,Radial Velocity,2005,388.0,,2892.1,232.0,0.34,205.0,2452603.0,,2452520.93,,6.0
21,Gaia DR3 560130775546153344,HD7924,HD 7924 b,Radial Velocity,2008,5.3978,,8.68,3.595,0.058,25.0,2454727.27,2456174.716,2456174.72,,3.8
22,Gaia DR3 560130775546153344,HD7924,HD 7924 c,Radial Velocity,2015,15.2998,,8.3478,2.485,0.099,26.5,,2455203.73,2455203.73,,3.8
23,Gaia DR3 560130775546153344,HD7924,HD 7924 d,Radial Velocity,2015,24.4484,,6.2712,1.62,0.19,70.5,,2455188.3,2455188.3,,3.8
24,Gaia DR3 581100382135253760,HD75302,HD 75302 b,Radial Velocity,2023,4356.0,,1716.2734,,0.39,307.0,2457607.0,,2458918.89,29.0,
25,Gaia DR3 582221750852254080,HD74156,HD 74156 b,Radial Velocity,2003,51.6382,,565.394,110.2925,0.636,174.875,2450793.39,2455231.464,2455231.46,,21.4
26,Gaia DR3 582221750852254080,HD74156,HD 74156 c,Radial Velocity,2003,2448.75,,2551.5895,112.98,0.3802,267.55,2450980.0,2457109.7,2457109.7,86.981,21.4
27,Gaia DR3 666427539629086976,HD73344,HD 73344 b,Transit,2024,15.6112,2.9033,11.455,2.58,0.015,76.9455,,2458290.25,2458290.25,88.082,65.9
28,Gaia DR3 666427539629086976,HD73344,HD 73344 c,Radial Velocity,2025,65.94,,118.55,16.36,0.124,112.0,,2455482.98,2455482.98,,65.9
29,Gaia DR3 666427539629086976,HD73344,HD 73344 d,Radial Velocity,2025,5823.0,,810.4624,22.7,0.18,58.9,2458061.0,2444345.0,2444345.0,59.0,65.9
30,Gaia DR3 704967037090946688,HD75732,55 Cnc b,Radial Velocity,1996,14.6514,,262.9298,71.435,0.0094,98.5,2450001.861,2455803.293,2455803.29,89.865,0.0
31,Gaia DR3 704967037090946688,HD75732,55 Cnc c,Radial Velocity,2004,44.3794,,54.0298,10.12,0.0615,57.0,2451497.1296,2455846.83,2455846.83,89.865,0.0
32,Gaia DR3 704967037090946688,HD75732,55 Cnc d,Radial Velocity,2002,4888.0,,1219.6235,47.2,0.0965,181.3,2452642.8,2455790.0,2455790.0,89.865,0.0
33,Gaia DR3 704967037090946688,HD75732,55 Cnc e,Radial Velocity,2004,0.7365,1.9335,8.0948,6.06,0.045,90.0,2450436.6251,2456340.655,2456340.65,84.65,0.0
34,Gaia DR3 704967037090946688,HD75732,55 Cnc f,Radial Velocity,2007,260.91,,46.8797,4.855,0.142,152.5,2450080.9108,2456020.7,2456020.7,89.865,0.0
35,Gaia DR3 741184091114529792,HD88986,HD 88986 b,Radial Velocity,2023,146.05,2.49,17.2,1.85,0.24,306.0,,2458891.69,2458891.69,89.9,37.0
36,Gaia DR3 746545172372256384,HD86728,HD 86728 b,Radial Velocity,2025,31.1515,,9.43,1.97,0.067,92.0,,2459260.69,2459260.69,,100.0
37,Gaia DR3 747266452000257280,HD87883,HD 87883 b,Radial Velocity,2009,3006.0,,728.4627,42.67,0.707,285.7255,2450901.0,2454589.0,2454589.0,21.123,31.0
38,Gaia DR3 777254360337133312,HD95128,47 UMa b,Radial Velocity,1996,1078.0,,804.08,48.4,0.032,147.0,2451047.6,2454415.6,2454415.6,,29.6
39,Gaia DR3 777254360337133312,HD95128,47 UMa c,Radial Velocity,2001,2391.0,,171.621,8.0,0.098,127.0,2452287.5,2455651.0,2455651.0,,29.6
40,Gaia DR3 777254360337133312,HD95128,47 UMa d,Radial Velocity,2009,16501.0,,500.5704,13.1,0.27,80.5,2451736.0,2451820.0,2451820.0,,29.6
41,Gaia DR3 875071278432954240,HD63433,HD 63433 b,Transit,2020,7.1079,2.1568,37.3,12.5,0.0,90.0,,2458916.452,2458916.45,89.38,
42,Gaia DR3 875071278432954240,HD63433,HD 63433 c,Transit,2020,20.5438,2.5823,17.2,4.1,0.0,90.0,,2458844.059,2458844.06,89.147,
43,Gaia DR3 875071278432954240,HD63433,HD 63433 d,Transit,2023,4.2091,1.073,,,0.16,,,2459373.8234,2459373.82,88.73,
44,Gaia DR3 961428192989499904,HD40979,HD 40979 b,Radial Velocity,2002,264.15,,1245.82,115.7,0.2515,318.0,2452332.62,2452405.1,2452405.1,,6.0
45,Gaia DR3 1022456104850892928,HD79211,GJ 338 B b,Radial Velocity,2020,24.436,,10.435,3.13,0.1095,204.3,2457517.06,2457521.43,2457521.43,,100.0
46,Gaia DR3 1176209886733406592,HD128311,HD 128311 b,Radial Velocity,2002,453.74,,608.6284,62.4,0.3015,61.85,2450198.691,2455211.3,2455211.3,30.0,0.0
47,Gaia DR3 1176209886733406592,HD128311,HD 128311 c,Radial Velocity,2005,921.538,,1029.73,77.15,0.17,15.445,2450503.7765,2455219.0,2455219.0,55.95,0.0
48,Gaia DR3 1244571953471006720,HD120136,tau Boo b,Radial Velocity,1996,3.3125,,1366.6622,467.8,0.011,150.7,2451679.3794,2453104.828,2453104.83,44.5,100.0
49,Gaia DR3 1323427759184545536,HD143761,rho CrB b,Radial Velocity,1997,39.8435,,341.6655,67.28,0.0364,-25.0,2452949.8384,2455997.8645,2455997.86,,49.3
50,Gaia DR3 1323427759184545536,HD143761,rho CrB c,Radial Velocity,2016,102.54,,28.1278,4.0,0.052,16.0,2455609.0,2455417.7,2455417.7,,49.3
51,Gaia DR3 1323427759184545536,HD143761,rho CrB d,Radial Velocity,2023,282.2,,21.6,2.2,0.0,0.0,2455512.0,2455583.0,2455583.0,,49.3
52,Gaia DR3 1323427759184545536,HD143761,rho CrB e,Radial Velocity,2023,12.949,,3.79,1.14,0.126,-0.6,2455496.2,2455498.5,2455498.5,,49.3
53,Gaia DR3 1334288219648212352,HD155060,TOI-2128 b,Transit,2024,16.3414,2.3589,4.5,1.1,0.0,90.0,,2458987.2663,2458987.27,,100.0
54,Gaia DR3 1334643739861016832,HD155358,HD 155358 b,Radial Velocity,2007,194.3,,292.3258,32.0,0.17,143.0,2451224.8,,2451203.96,,0.0
55,Gaia DR3 1334643739861016832,HD155358,HD 155358 c,Radial Velocity,2007,391.9,,261.0,24.9,0.16,180.0,2455345.4,,2455267.3,,0.0
56,Gaia DR3 1359938520253565952,HD154345,HD 154345 b,Radial Velocity,2006,3341.7794,,309.386,15.5,0.042,68.0,2455725.0,2456384.0,2456384.0,69.0,100.0
57,Gaia DR3 1385293808145621504,HD145675,14 Her b,Radial Velocity,2002,1766.41,,1523.9589,89.791,0.3682,22.6,2449621.7815,2456834.4,2456834.4,144.652,11.9
58,Gaia DR3 1385293808145621504,HD145675,HD 145675 c,Radial Velocity,2021,20366.2294,,1720.2463,41.6075,0.4215,-1.1098,2436430.122,2454680.0,2454680.0,129.097,11.9
59,Gaia DR3 1398218223733415552,HD141399,HD 141399 b,Radial Velocity,2014,94.375,,143.6584,19.06,0.04,8.0,2454885.5,2455205.19,2455205.19,,2.2
60,Gaia DR3 1398218223733415552,HD141399,HD 141399 c,Radial Velocity,2014,201.99,,422.7139,43.51,0.048,25.0,2454751.12,2455626.02,2455626.02,,2.2
61,Gaia DR3 1398218223733415552,HD141399,HD 141399 d,Radial Velocity,2014,1070.35,,387.7526,22.63,0.06,-63.0,2454471.815,2454755.6,2454755.6,,2.2
62,Gaia DR3 1398218223733415552,HD141399,HD 141399 e,Radial Velocity,2014,3717.35,,209.7678,8.34,0.047,0.0,2454430.855,2455729.0,2455729.0,,2.2
63,Gaia DR3 1416050859226670848,HD158259,HD 158259 b,Radial Velocity,2020,2.178,1.2823,2.22,1.051,,,,2460338.5231,2460338.52,,
64,Gaia DR3 1416050859226670848,HD158259,HD 158259 c,Radial Velocity,2020,3.432,,5.6,2.261,,,,,,,
65,Gaia DR3 1416050859226670848,HD158259,HD 158259 d,Radial Velocity,2020,5.1981,,5.41,1.9071,,,,,,,
66,Gaia DR3 1416050859226670848,HD158259,HD 158259 e,Radial Velocity,2020,7.951,,6.08,1.8572,,,,,,,
67,Gaia DR3 1416050859226670848,HD158259,HD 158259 f,Radial Velocity,2020,12.028,,6.14,1.6333,,,,,,,
68,Gaia DR3 1646538011423566464,HD143105,HD 143105 b,Radial Velocity,2016,2.1974,,384.5743,144.0,0.07,,2456531.344,,,,100.0
69,Gaia DR3 1651268763282397312,HD162004,psi1 Dra B b,Radial Velocity,2015,3117.0,,486.2799,21.0,0.4,64.0,2449344.0,,2449434.19,,100.0
70,Gaia DR3 1709456705329541504,HD150706,HD 150706 b,Radial Velocity,2012,9497.0,,816.8015,31.1,0.5835,108.0,2464641.5,,2464538.83,70.0,100.0
71,Gaia DR3 1754430373040023168,HD196885A,HD 196885 A b,Radial Velocity,2007,1333.0,,940.74,47.19,0.48,91.4,2451614.0,,2451612.4,,48.0
72,Gaia DR3 1772187382746856320,HD206860,HN Peg b,Imaging,2006,,11.7768,6991.57,,,,,,,,
73,Gaia DR3 1815418118373631360,HD195019,HD 195019 b,Radial Velocity,1998,18.2013,,1166.39,272.3,0.014,229.0,2451015.5,2453356.428,2453356.43,,100.0
74,Gaia DR3 1827242816201846144,HD189733A,HD 189733 b,Radial Velocity,2005,2.2186,12.7671,365.49,205.0,0.0,90.0,2457929.288,2454403.6777,2454403.68,85.71,100.0
75,Gaia DR3 1943363751009454976,HD222155,HD 222155 b,Radial Velocity,2011,3999.0,,603.85,24.2,0.16,150.0,2456553.5,,2456052.81,68.0,100.0
76,Gaia DR3 2009481748875806976,HD219134,HD 219134 b,Radial Velocity,2015,3.0929,1.5675,4.2339,2.19,0.01,0.0,2449999.5,2457910.7584,2457910.76,85.05,55.4
77,Gaia DR3 2009481748875806976,HD219134,HD 219134 c,Radial Velocity,2015,6.7648,1.507,3.5279,1.42,0.071,6.3,2449998.5,2458120.1076,2458120.11,87.292,55.4
78,Gaia DR3 2009481748875806976,HD219134,HD 219134 d,Radial Velocity,2015,46.722,1.61,16.285,3.385,0.1075,74.0,2449964.0,2455208.44,2455208.44,,55.4
79,Gaia DR3 2009481748875806976,HD219134,HD 219134 f,Radial Velocity,2015,22.7945,1.31,7.7232,2.05,0.072,10.0,2449983.0,2455233.17,2455233.17,,55.4
80,Gaia DR3 2009481748875806976,HD219134,HD 219134 g,Radial Velocity,2015,94.2,,10.8062,1.8,0.0,0.0,2449972.0,,2449995.55,,55.4
81,Gaia DR3 2009481748875806976,HD219134,HD 219134 h,Radial Velocity,2015,2125.0,,87.0852,5.39,0.06,96.0,2448805.482,2456761.0,2456761.0,,55.4
82,Gaia DR3 2029433521248546304,HD190360,HD 190360 b,Radial Velocity,2003,2891.6,,476.2605,23.22,0.3337,14.7,2450696.15,2456758.0,2456758.0,80.2,51.9
83,Gaia DR3 2029433521248546304,HD190360,HD 190360 c,Radial Velocity,2005,17.114,,19.6745,5.02,0.136,79.35,2454390.0,2455198.42,2455198.42,,51.9
84,Gaia DR3 2031479093959232128,HD185269,HD 185269 b,Radial Velocity,2006,6.8379,,324.1792,92.15,0.2645,174.6,2453154.2014,,2453153.15,,100.0
85,Gaia DR3 2066437688140905600,HD197037,HD 197037 b,Radial Velocity,2012,1035.7,,251.0,15.5,0.22,298.0,2451353.1,,2451750.69,,100.0
86,Gaia DR3 2115351387048328832,HD168009,HD 168009 b,Radial Velocity,2021,15.1479,,9.5349,2.53,0.12,13.178,,2455201.56,2455201.56,,100.0
87,Gaia DR3 2135550755683407232,HD186427,16 Cyg B b,Radial Velocity,1996,799.45,,533.9544,50.5,0.681,83.3,2448940.3,2456937.32,2456937.32,,0.0
88,Gaia DR3 2136027771930903808,HD184960,DMPP-4 b,Radial Velocity,2023,3.4982,,12.2,4.43,0.063,200.0,,2457139.9,2457139.9,,100.0
89,Gaia DR3 2299942278201276288,HD216520,HD 216520 b,Radial Velocity,2020,35.458,,10.3106,2.35,0.14,85.475,,2455216.8,2455216.8,,
90,Gaia DR3 2299942278201276288,HD216520,HD 216520 c,Radial Velocity,2020,154.43,,9.44,1.29,0.12,198.12,,,,,
91,Gaia DR3 2430102808294101760,HD1461,HD 1461 b,Radial Velocity,2010,5.7721,,7.1054,2.3,0.15,24.0,2450366.936,2455839.37,2455839.37,,46.5
92,Gaia DR3 2430102808294101760,HD1461,HD 1461 c,Radial Velocity,2015,13.5046,,6.3229,1.685,0.2075,22.0,,2455200.11,2455200.11,,46.5
93,Gaia DR3 2482820714353923072,HD7449A,HD 7449 b,Radial Velocity,2011,1270.552,,352.776,30.023,0.82,24.45,2454020.4594,,2454036.75,171.631,0.0
94,Gaia DR3 2495335115182966016,HD16141,HD 16141 b,Radial Velocity,2000,75.523,,82.6,11.76,0.25,51.1,2450338.1,2451932.3,2451932.3,,69.0
95,Gaia DR3 2505825177666430592,HD11505,HD 11505 b,Radial Velocity,2022,32669.2225,,2510.5266,49.449,0.144,62.477,2445917.145,,2447784.47,87.505,100.0
96,Gaia DR3 2511794495013074048,HD12235,HD 12235 b,Radial Velocity,2022,4.363,,10.4883,4.157,0.376,279.492,2447046.366,,2447048.31,,51.7
97,Gaia DR3 2511794495013074048,HD12235,HD 12235 c,Radial Velocity,2022,36336.7068,,3135.6951,42.503,0.174,79.772,2411054.478,,2411770.87,47.738,51.7
98,Gaia DR3 2619706544757416192,HD210277,HD 210277 b,Radial Velocity,1998,442.19,,406.81,38.94,0.472,118.65,2450988.68,2457177.69,2457177.69,,7.0
99,Gaia DR3 2648914040357320576,HD217107,HD 217107 b,Radial Velocity,1998,7.1269,,437.8012,140.45,0.1291,22.7,2452193.7037,2456306.847,2456306.85,,86.0
100,Gaia DR3 2648914040357320576,HD217107,HD 217107 c,Radial Velocity,2005,4705.5,,1098.0802,46.44,0.4549,181.3,2450921.0,2460064.0,2460064.0,,86.0
101,Gaia DR3 2761142326076104192,HD220773,HD 220773 b,Radial Velocity,2011,3724.7,,460.8,20.0,0.51,259.0,2453866.4,,2452301.95,,100.0
102,Gaia DR3 2802397960855105920,HD3651,HD 3651 b,Radial Velocity,2003,62.218,,72.1,15.9,0.618,242.5,2453932.2,2455098.9,2455098.9,,57.0
103,Gaia DR3 2835207319109249920,HD217014,51 Peg b,Radial Velocity,1995,4.2308,,148.738,55.94,0.0,3.0,2452497.0,2455705.001,2455705.0,80.0,100.0
104,Gaia DR3 3009908378049913216,HD35850,AF Lep b,Imaging,2023,8030.0,,1366.6622,,0.32,128.2,2456328.0,2456700.0,2456700.0,82.0,
105,Gaia DR3 3073443760538892032,HD72659,HD 72659 b,Radial Velocity,2002,3559.6993,,975.7158,41.0,0.253,259.451,2451694.7303,2457164.0,2457164.0,77.583,0.0
106,Gaia DR3 3073443760538892032,HD72659,HD 72659 c,Radial Velocity,2022,18207.721,,5977.081,33.871,0.091,256.504,2448049.585,,2439760.08,14.279,0.0
107,Gaia DR3 3101382419728401408,HD52265,HD 52265 b,Radial Velocity,2000,119.28,,355.5769,42.1,0.305,211.0,2451302.7,2456393.46,2456393.46,,25.0
108,Gaia DR3 3188395880157173120,HD30562,HD 30562 b,Radial Velocity,2009,1157.0,,423.1814,33.7,0.76,78.4,2453602.5,,2453605.82,65.0,0.0
109,Gaia DR3 3241295308714904960,HD34445,HD 34445 b,Radial Velocity,2009,1052.85,,229.5655,12.35,0.1865,104.0,2453781.0,2454809.0,2454809.0,,
110,Gaia DR3 3241295308714904960,HD34445,HD 34445 c,Radial Velocity,2017,214.67,,53.5,5.45,0.036,149.0,,2455260.078,2455260.08,,
111,Gaia DR3 3241295308714904960,HD34445,HD 34445 d,Radial Velocity,2017,117.87,,30.7,3.81,0.027,246.4,,2455529.809,2455529.81,,
112,Gaia DR3 3241295308714904960,HD34445,HD 34445 e,Radial Velocity,2017,49.175,,16.8,2.75,0.09,303.7,,2455485.683,2455485.68,,
113,Gaia DR3 3241295308714904960,HD34445,HD 34445 f,Radial Velocity,2017,676.8,,37.9,2.74,0.031,212.0,,2455428.344029,2455428.34,,
114,Gaia DR3 3241295308714904960,HD34445,HD 34445 g,Radial Velocity,2017,5700.0,,120.6,4.08,0.032,234.9,,,,,
115,Gaia DR3 3265335443260522112,HD19994,HD 19994 b,Radial Velocity,2003,500.95,,484.6822,32.75,0.1815,193.5,2452454.75,,2452339.64,,42.0
116,Gaia DR3 3295354481521174656,HD31253,HD 31253 b,Radial Velocity,2010,466.0,,158.908,12.0,0.3,145.5,2450660.0,2454222.0,2454222.0,,31.0
117,Gaia DR3 3301771025223950336,HD25463,HD 25463 b,Transit,2023,7.0491,2.62,8.6,2.515,0.0,90.0,,2458442.6182,2458442.62,,91.7
118,Gaia DR3 3301771025223950336,HD25463,HD 25463 c,Transit,2023,3.044,1.3635,4.2,1.6,0.0,90.0,,2458438.4759,2458438.48,,91.7
119,Gaia DR3 3319126988068404096,HD42618,HD 42618 b,Radial Velocity,2016,149.05,,14.7961,1.965,0.23,80.5,,2455170.6,2455170.6,,38.0
120,Gaia DR3 3380479015342121600,HD50554,HD 50554 b,Radial Velocity,2002,1247.3,,1497.232,91.5,0.4915,7.4,2451858.5,2453200.5,2453200.5,61.0,34.0
121,Gaia DR3 3402798414192387328,HD37124,HD 37124 b,Radial Velocity,2002,154.319,,206.5885,28.42,0.055,130.0,2450309.0,2454920.13,2454920.13,,0.2
122,Gaia DR3 3402798414192387328,HD37124,HD 37124 c,Radial Velocity,2002,886.6,,205.635,15.65,0.14,265.0,2449534.0,2454937.0,2454937.0,,0.2
123,Gaia DR3 3402798414192387328,HD37124,HD 37124 d,Radial Velocity,2005,1862.0,,215.3215,12.8,0.18,133.0,2449082.0,2454455.0,2454455.0,,0.2
124,Gaia DR3 3421680597955802624,HD32963,HD 32963 b,Radial Velocity,2015,2368.0,,230.7434,11.21,0.07,105.0,2452999.0,2455371.0,2455371.0,19.3,100.0
125,Gaia DR3 3574907305749250432,HD103774,HD 103774 b,Radial Velocity,2013,5.8881,,116.0,34.3,0.09,-42.0,2455675.4,,2455677.43,,100.0
126,Gaia DR3 3679242575447826432,HD111998,HD 111998 b,Radial Velocity,2016,817.95,,1479.4948,87.6,0.08,51.35,2454997.65,,2455073.05,90.0,85.0
127,Gaia DR3 3684934540986187776,HD114783,HD 114783 b,Radial Velocity,2001,495.3,,328.4584,29.42,0.113,89.5,2451833.8,2455283.8,2455283.8,,10.0
128,Gaia DR3 3684934540986187776,HD114783,HD 114783 c,Radial Velocity,2018,4340.0,,209.4489,9.16,0.05,6.5,2456865.0,2454959.0,2454959.0,159.0,10.0
129,Gaia DR3 3721126409323324416,HD120066,HR 5183 b,Radial Velocity,2019,38350.0,,1026.5909,37.76,0.875,-20.0,2458121.0,2458960.0,2458960.0,80.3,96.0
130,Gaia DR3 3732539683617410816,HD115383,GJ 504 b,Imaging,2013,,12.1057,1271.3,,,,,,,,
131,Gaia DR3 3784271568265259904,HD97037,HD 97037 b,Radial Velocity,2022,6449.0834,,6707.7685,59.443,0.357,109.386,2445839.855,,2445684.59,14.561,100.0
132,Gaia DR3 3802549437248150656,HD92788,HD 92788 b,Radial Velocity,2000,325.7615,,1158.4904,106.1,0.35,272.0,2451737.504,2450581.2,2450581.2,,1.3
133,Gaia DR3 3802549437248150656,HD92788,HD 92788 c,Radial Velocity,2019,9985.6488,,1029.767,30.995,0.4075,-30.855,2456858.0,2450140.0,2450140.0,,1.3
134,Gaia DR3 3812355294262255104,HD99492,HD 99492 b,Radial Velocity,2004,17.0495,,26.7294,7.9,0.085,175.15,2450466.9475,2455491.293273,2455491.29,,77.1
135,Gaia DR3 3812355294262255104,HD99492,HD 99492 c,Radial Velocity,2023,95.233,,17.9,2.79,0.063,137.5,,2455424.022995,2455424.02,,77.1
136,Gaia DR3 3835743693290897152,HD88072,HD 88072 b,Radial Velocity,2022,18538.7929,,2511.7979,10.765,0.156,272.477,2435160.614,,2444257.46,169.626,100.0
137,Gaia DR3 3886688327612984704,HD89307,HD 89307 b,Radial Velocity,2009,2193.5,,650.5827,32.4,0.2205,29.0,2454556.0,,2454803.87,72.0,100.0
138,Gaia DR3 3905603054348141440,HD106252,HD 106252 b,Radial Velocity,2002,1535.0,,2402.7948,142.9,0.48,292.2,2453397.5,,2453938.86,46.0,38.0
139,Gaia DR3 3936909723803146368,HD115404A,HD 115404 A b,Radial Velocity,2022,10.4949,,30.8294,10.507,0.232,259.222,2452305.407,,2452300.65,,50.6
140,Gaia DR3 3936909723803146368,HD115404A,HD 115404 A c,Radial Velocity,2022,15319.2252,,3279.6713,42.401,0.211,312.056,2441172.404,,2446265.21,25.791,50.6
141,Gaia DR3 4157584215800708736,HD168443,HD 168443 b,Radial Velocity,1998,58.112,,2475.679,475.868,0.5297,172.8965,2450221.755,2455272.957,2455272.96,,0.6
142,Gaia DR3 4157584215800708736,HD168443,HD 168443 c,Radial Velocity,2000,1749.75,,5572.4855,298.09,0.2118,64.793,2450271.81,2455599.41,2455599.41,91.218,0.6
143,Gaia DR3 4247023886053586304,HD190007,HD 190007 b,Radial Velocity,2020,11.7221,,15.98,5.275,0.138,128.47,,,,,100.0
144,Gaia DR3 4383374219923745024,HD149806A,HD 149806 b,Radial Velocity,2022,16521.5278,,4003.6844,26.445,0.357,53.02,2444680.202,,2445459.61,13.574,100.0
145,Gaia DR3 4415515934099120768,HD136118,HD 136118 b,Radial Velocity,2022,1189.2988,,4704.1783,212.691,0.347,312.5335,2452984.3497,,2453330.08,81.3895,42.0
146,Gaia DR3 4430238051199001216,HD141004,HD 141004 b,Radial Velocity,2021,15.5083,,13.6348,3.45,0.16,19.4806,,2456704.33,2456704.33,,100.0
147,Gaia DR3 4443815297524544000,HD155193,HD 155193 b,Radial Velocity,2021,352.65,,238.3713,19.51,0.21,62.88,,,,0.7112,26.0
148,Gaia DR3 4582680493669880704,HD164922,HD 164922 b,Radial Velocity,2005,1198.5,,109.333,7.065,0.065,122.5,2454461.0,2456743.0,2456743.0,,64.1
149,Gaia DR3 4582680493669880704,HD164922,HD 164922 c,Radial Velocity,2016,75.765,,13.0,2.22,0.12,2.0,2457564.7,2455221.1,2455221.1,,64.1
150,Gaia DR3 4582680493669880704,HD164922,HD 164922 d,Radial Velocity,2020,12.4582,,4.3678,1.36,0.15,-29.5,2457503.9,2455198.58,2455198.58,,64.1
151,Gaia DR3 4582680493669880704,HD164922,HD 164922 e,Radial Velocity,2021,41.763,,10.5201,2.06,0.086,-17.1887,,2455256.6,2455256.6,,64.1
152,Gaia DR3 4584639307993378432,HD164595,HD 164595 b,Radial Velocity,2015,40.0,,16.14,3.05,0.088,145.0,2456280.0,,2456274.77,,98.0
153,Gaia DR3 5164707970261890560,HD22049,eps Eri b,Radial Velocity,2000,2650.0,,247.9074,14.75,0.07,47.0,2451873.25,2458702.5,2458702.5,54.455,100.0
154,Gaia DR3 5691782130578684544,HD82943,HD 82943 b,Radial Velocity,2003,441.47,,534.25,40.855,0.18,260.5,2451474.6,2455114.6,2455114.6,90.0,0.0
155,Gaia DR3 5691782130578684544,HD82943,HD 82943 c,Radial Velocity,2003,219.4,,587.9855,58.7,0.38,120.6,2451734.4,2455135.17,2455135.17,90.0,0.0
156,Gaia DR3 5726982995343100928,HD69830,HD 69830 b,Radial Velocity,2006,8.6682,,10.2329,3.495,0.106,185.0,2453496.8,2456585.35,2456585.35,,59.2
157,Gaia DR3 5726982995343100928,HD69830,HD 69830 c,Radial Velocity,2006,31.5865,,10.8263,2.42,0.122,100.5,2453469.6,2455197.35,2455197.35,,59.2
158,Gaia DR3 5726982995343100928,HD69830,HD 69830 d,Radial Velocity,2006,198.805,,16.0899,1.94,0.085,109.0,2453358.0,2455307.0,2455307.0,,59.2
159,Gaia DR3 6843672087120107264,HD206893,HD 206893 b,Imaging,2021,9975.0,14.0112,8581.367,,0.185,183.0,,,,146.2,
160,Gaia DR3 6843672087120107264,HD206893,HD 206893 c,Imaging,2022,2090.0,16.3651,4036.4208,,0.41,46.0,,,,150.9,
