,period,HD145675,HD95128,HD75732,HD1326,HD114783,HD115404A,HD12235,HD12661,HD128311,HD141399,HD1461,HD155358,HD164922,HD168443,HD18143A,HD190360,HD217107,HD219134,HD24040,HD25463,HD37124,HD69830,HD72659,HD73344,HD74156,HD7924,HD82943,HD92788,HD99492,HD143761,HD9826,HD222155,HD220773,HD217014,HD210277,HD197037,HD196885A,HD195019,HD190007,HD189733A,HD186427,HD185269,HD184960,HD168009,HD164595,HD162004,HD155193,HD155060,HD154345,HD150706,HD149806A,HD143105,HD141004,HD136118,HD120136,HD120066,HD111998,HD106252,HD103774,HD97037,HD89307,HD88986,HD88072,HD87883,HD86728,HD79211,HD52265,HD50554,HD42618,HD40979,HD33564,HD32963,HD31253,HD30562,HD26161,HD23596,HD22049,HD19994,HD17674,HD16232,HD16175,HD16141,HD13931,HD11505,HD8673A,HD8574,HD7449A,HD3765,HD3651
0,60.0,0.0,0.6001802980899811,0.0,0.8208171616901051,0.8137517219240016,0.1227465793490408,0.2736021957614205,0.0,0.0,0.0,0.5043174245140769,0.0,0.0,0.0,0.0776522234082221,0.2287402376532554,0.7272781892256304,0.4216782247478312,0.8416894674301147,0.9172430634498596,0.0,0.7219482064247131,0.0,0.0,0.0,0.0277734685011884,0.0,0.1926644200628454,0.9186835153536363,0.033806208690459,0.0809744223952293,1,1,1,1,1,1,1,1,1,0,1,1,1,0,1,1,1,1,1,1,1,1,1,1,1,1,1,1,1,1,1,1,1,1,1,0,1,1,1,1,1,1,0,1,1,1,1,1,1,1,0,1,1,0,1,0,1,0
1,63.43434343434343,0.0,0.57985500636896,0.0,0.8146534851261011,0.8157309126766941,0.1499711398488892,0.2785098368283101,0.0,0.0,0.0,0.5135350066951276,0.0,0.0,0.0,0.0720259291080408,0.2334765895117189,0.7520707135186044,0.4971236262668821,0.8397276099460992,0.9183983917405434,0.0,0.7040912712325724,0.0013420101456901,0.0,0.0,0.0376927413394414,0.0,0.2014630689626636,0.8943259318994249,0.2453544969743388,0.1309508106691434,1,1,1,1,1,1,1,1,1,0,1,1,1,0,1,1,1,1,1,1,1,1,1,1,1,1,1,1,1,1,1,1,1,1,1,0,1,1,1,1,1,1,0,1,1,1,1,1,1,1,0,1,1,0,1,0,1,0
2,66.86868686868686,0.0,0.576879342487157,0.0,0.8167901685473895,0.807001888081404,0.1706658198636159,0.287166175893025,0.0,0.0,0.0,0.5083484982667582,0.0,0.0360835121288549,0.0,0.087432851234435,0.2407731515813884,0.7592428667405543,0.4406934716485929,0.8390337849060068,0.917906691716359,0.0,0.7343793698131604,0.0023755609673286,0.0,0.0,0.044219713221015,0.0,0.1910336631980298,0.8699660864059513,0.4500264848681737,0.1380025258421883,1,1,1,1,1,1,1,1,1,0,1,1,1,1,1,1,1,1,1,1,1,1,1,1,1,1,1,1,1,1,1,1,1,1,1,0,1,1,1,1,1,1,0,1,1,1,1,1,1,1,0,1,1,0,1,0,1,0
3,70.3030303030303,0.0,0.5819595275341677,0.0,0.8158005497650525,0.7961303836042102,0.183759244501737,0.2874571204146819,0.0,0.0,0.0,0.5040701091509043,0.0,0.0731632667654889,0.0,0.1070807932745584,0.2498650920030985,0.7595184766945648,0.376289802885025,0.8306802293397404,0.918586257524056,0.0,0.7397814404030993,0.0012574416808162,0.0,0.0,0.04924708607676,0.0,0.1613053819628323,0.666089226081376,0.5636232638512991,0.15139450566042,1,1,1,1,1,1,1,1,1,0,1,1,1,1,1,1,1,1,1,1,1,1,1,1,1,1,1,1,1,1,0,1,1,1,1,0,1,1,1,1,1,1,0,1,1,1,1,1,1,1,0,1,1,0,0,0,1,0
4,73.73737373737373,0.0,0.586859498272319,0.0,0.8143810024218929,0.7942737893769787,0.1955665747231034,0.2920669128598451,0.0,0.0,0.0,0.5020379362040897,0.0,0.1124780999346048,0.0,0.1217216823175863,0.2614269010284386,0.7579933632819421,0.2612630319520624,0.821679765547783,0.917654289764972,0.0,0.7381778271065614,0.0,0.0099933722737903,0.0,0.0533136623253802,0.0,0.0755727330130992,0.4586130402680973,0.3754250685789642,0.1625708674547913,1,1,1,1,1,1,1,1,1,0,1,1,1,1,1,1,1,1,1,1,1,1,1,1,1,1,1,1,1,1,0,1,1,1,1,0,1,0,1,1,1,1,0,1,1,1,1,1,1,1,0,1,1,0,0,0,1,0
5,77.17171717171718,0.0,0.5933735009880808,0.0,0.8156448083640544,0.7925964458369017,0.2137412148511593,0.3004297291604307,0.0,0.0,0.0,0.5014429090645165,0.0,0.1358901973621453,0.0,0.1342854988305902,0.2711344000082715,0.7578082313050724,0.1675590016924131,0.810517193900743,0.9172430634498596,0.0,0.7430708539338391,0.0,0.0229411983922147,0.0,0.0518574166565461,0.0,0.0690216679902173,0.2646777579624639,0.1872268733066285,0.1543445694976206,1,1,1,1,1,1,1,1,1,0,1,1,1,1,1,1,1,1,1,1,1,1,1,1,1,1,1,1,1,1,0,1,1,1,1,0,1,0,1,1,1,1,0,1,1,1,1,1,0,1,0,1,1,0,0,0,1,0
6,80.60606060606061,0.0,0.5996076084532487,0.0,0.8149675200013922,0.7929310641015493,0.2297079441517721,0.3075654346854087,0.0,0.0,0.0,0.5087805785993398,0.0,0.1311748198043049,0.0,0.148506824305019,0.2788959522103748,0.755674680775684,0.0665924110755022,0.7984784228140687,0.9172430634498596,0.0,0.7485514890779534,0.0,0.0413686242982024,0.0,0.0465481123741134,0.0,0.07028368255586,0.0799791733835688,0.1227129510878284,0.1497129688051346,1,1,1,1,1,1,1,1,1,0,1,1,1,1,1,1,1,1,1,1,1,1,1,1,1,1,1,1,1,1,0,1,1,1,1,0,1,0,0,0,1,1,0,1,1,1,1,1,0,1,0,1,1,0,0,0,1,0
7,84.04040404040404,0.0,0.6013655521328956,0.0,0.8143234225577519,0.7862481489912914,0.2391810632849554,0.3153757878083393,0.0,0.0,0.0,0.5165112224115969,0.0,0.0817971870235944,0.0,0.1657058792814576,0.282116747153128,0.7610571688378326,0.028834038467835,0.7918777135652942,0.9172430634498596,0.0,0.7496004434003453,0.0,0.0569323132032054,0.0,0.0464636418472737,0.0,0.0620708877340617,0.0246176077686018,0.1144739145161771,0.1443050625960445,1,1,1,0,1,1,1,1,1,0,1,1,1,1,1,1,1,1,1,1,1,1,1,1,1,1,1,1,1,1,0,1,1,1,1,0,1,0,0,0,1,1,0,1,1,1,1,1,0,0,0,1,1,0,0,0,1,0
8,87.47474747474747,0.0,0.6025455142447855,0.0,0.8142384448723364,0.7830751761718042,0.2519452016441691,0.3201338842006997,0.0,0.0,0.0,0.513361256691332,0.0,0.0147934156264132,0.0,0.1771501078910778,0.2966784698288337,0.7655337709994593,0.0014544088363177,0.784652990038631,0.9171962207355786,0.0,0.7472955624451745,0.0,0.071681120215962,0.0,0.0576335292249044,0.0,0.0515991737491163,0.0085666041286884,0.0685219822349955,0.1365298515375723,1,1,1,0,1,1,1,1,1,0,1,1,1,1,1,1,1,1,1,1,1,1,1,1,1,1,1,1,1,1,0,1,1,1,1,0,1,0,0,0,1,1,0,0,1,1,1,1,0,0,0,1,1,0,0,0,1,0
9,90.9090909090909,0.0,0.5945471928091601,0.0,0.8149165798714881,0.7739334538675657,0.2799298965700993,0.3256996750187432,0.0,0.0,0.0,0.5191232638736595,0.0,0.034517902270399,0.0,0.1945119458182509,0.3110925204599232,0.7581212788019489,0.0,0.7787912477292358,0.9177269311055148,0.0,0.7363050247179279,0.0,0.1157214159676047,0.0,0.0721284236884536,0.0,0.040440292991959,0.0095848413959585,0.0356407666632047,0.1245184944373131,1,1,1,0,1,1,1,1,1,0,1,1,1,1,1,1,1,1,1,1,1,1,1,1,1,1,1,1,1,1,0,1,1,1,1,0,1,0,0,0,1,1,0,0,1,1,1,1,0,0,0,1,1,0,0,0,1,0
10,94.34343434343434,0.0,0.5954624275835134,0.0,0.8138338873198863,0.6810994983044507,0.3263160677690008,0.3309737561911255,0.0,0.0,0.0,0.5242555997334475,0.0,0.1722446506564289,0.0,0.214460634774083,0.3238422996953783,0.7568054374324207,0.0,0.7848569890307253,0.918926212904283,0.0,0.7004222946575733,0.0,0.1823174810923029,0.0,0.0603709591951445,0.0,0.0346692428153967,0.002779087055388,0.0017054829936654,0.1173074782485348,1,1,1,0,1,1,1,1,1,0,1,1,1,1,1,1,1,1,1,1,1,1,1,1,1,1,1,1,1,1,0,1,1,1,1,0,1,0,0,0,1,1,0,0,1,1,1,1,0,0,0,1,1,0,0,0,1,0
11,97.77777777777776,0.0,0.5978389747380062,0.0,0.8203228153653126,0.5201925883475444,0.3659379858692666,0.3445490167647041,0.0,0.0,0.0,0.5307743059009538,0.0,0.3946790626899112,0.0,0.2272658672269825,0.3407748890218055,0.7573327522302031,7.703194382589813e-05,0.7956696362396161,0.9187025670110304,0.0,0.6991838138700708,0.0,0.3686519607830193,0.0,0.0445290427428521,0.0,0.0227275039200393,0.0,0.0208624633722335,0.0794613071978337,1,1,1,0,1,1,1,1,1,0,1,1,1,1,1,1,1,1,1,1,1,1,1,1,1,1,1,1,1,1,0,1,1,1,1,0,1,0,0,0,1,1,0,0,1,1,1,1,0,0,0,1,1,0,0,0,1,0
12,101.21212121212122,0.0,0.6030621808215382,0.0,0.8152461861545267,0.3648165111259484,0.3772130047716189,0.3466607992156143,0.0,0.0,0.0,0.5152163668533642,0.0,0.6933543595202052,0.0,0.2616577569109715,0.3603748029575425,0.7602772259701226,0.0123143033988425,0.7966969941893591,0.9171950422003992,0.0,0.7279716939268304,0.0,0.4551721197751512,0.0,0.0538705354494052,0.0,0.0152592827073757,0.0,0.1877383936279155,0.0787451188251869,1,1,1,0,1,1,1,1,1,0,1,1,1,1,1,1,1,1,1,1,1,1,1,1,1,1,1,1,1,1,0,1,1,1,1,0,1,0,0,0,1,1,0,0,1,1,1,1,0,0,0,1,1,0,0,0,1,0
13,104.64646464646464,0.0,0.5967456089449241,0.0,0.8116174069885278,0.2377433601864337,0.3897040714408071,0.3562466180787472,0.0,0.0,0.0,0.5094829094251063,0.0,0.6987700462492009,0.0,0.3007013035194192,0.3698897769701964,0.7561958888540965,0.0363045960746241,0.792490950512905,0.9171509251774104,0.0,0.734087730117176,0.0,0.5157198336046502,0.0,0.056310664657615,0.0,0.0206556696139696,0.0148048576390622,0.0832005350142084,0.0799118580022288,1,1,1,0,1,1,1,1,1,0,1,1,1,1,1,1,1,1,1,1,1,1,1,1,1,1,1,1,1,1,0,1,1,1,1,0,1,0,0,0,1,1,0,0,1,1,1,1,0,0,0,1,1,0,0,0,1,0
14,108.08080808080808,0.0,0.6010227986818047,0.0,0.8080436821233714,0.0762996447555485,0.4016851727194282,0.3551250853525183,0.0,0.0,0.0,0.5043757509126867,0.0,0.7169931055965661,0.0,0.3041345569987085,0.3791431978110237,0.7575588332396197,0.0735863304174524,0.7888644647193992,0.9175985599368488,0.0,0.7384581746448375,0.0,0.5551242035957613,0.0,0.0558692356851847,0.0,0.0207522515209339,0.0387166620729255,0.0485830709314002,0.0779369146194579,1,1,1,0,1,1,1,1,1,0,1,1,1,1,1,1,1,1,1,1,1,1,1,1,1,1,1,1,1,1,0,1,1,1,1,0,1,0,0,0,1,1,0,0,1,1,1,1,0,0,0,1,1,0,0,0,1,0
15,111.51515151515152,0.0,0.6165144125151973,0.0,0.8067427714998883,0.0547611736558076,0.4045856644363998,0.3602329429656292,0.0,0.0,0.0,0.5047684393369063,0.0,0.7257855324111693,0.0,0.3123688537650748,0.3820217600163387,0.7593767080087555,0.1456890238796748,0.7797480776837713,0.9190262227549504,0.0,0.7376332525244363,0.0,0.5916366303125017,0.0,0.0375260233477918,0.0,0.0217758951085773,0.0821205617793217,0.0121319494444429,0.0694356448721193,1,1,1,0,1,1,1,1,1,0,1,1,1,1,1,1,1,1,1,1,1,1,1,1,1,1,1,1,1,1,0,1,1,1,1,0,1,0,0,0,1,1,0,0,1,1,1,1,0,0,0,1,1,0,0,0,1,0
16,114.94949494949496,0.0,0.6175336805800558,0.0,0.8050936361865538,0.0393500475408316,0.4079075999982862,0.3621543327739397,0.0,0.0,0.0,0.5150122869767203,0.0,0.7175560983238306,0.0,0.3265657996137195,0.3807282695544622,0.7612140067100519,0.2058300566916123,0.7739943286071977,0.91779949886629,0.0,0.7312111293989056,0.0,0.6110148843741374,0.0,0.0309509497579701,0.0,0.0148690247499546,0.2221588306909022,0.0041225710079775,0.0607977400505319,1,1,1,0,1,1,1,1,1,0,1,1,1,1,1,1,1,1,1,1,1,1,1,1,1,1,1,1,1,1,0,1,1,1,1,0,1,0,0,0,1,1,0,0,1,1,1,1,0,0,0,1,1,0,0,0,1,0
17,118.38383838383838,0.0,0.6074577273686952,0.0,0.8031852851377551,0.0154797154034112,0.4157731763409601,0.372420148716611,0.0,0.0,0.0,0.5201381016297173,0.0,0.6933969821715105,0.0,0.3375983349992274,0.3788501401122652,0.7656819867576505,0.2438934583868469,0.7708953546941406,0.9167810141571732,0.0,0.7266213700104811,0.0,0.6101533056243476,0.0,0.0323413073234702,0.0,0.0080320759403884,0.3651012188170572,0.0982265135221851,0.0596980488460971,1,1,1,0,1,1,1,1,1,0,1,1,1,1,1,1,1,1,1,1,1,1,1,1,1,1,1,1,1,1,0,1,1,1,1,0,1,0,0,0,1,1,0,0,1,1,1,1,0,0,0,1,1,0,0,0,1,0
18,121.8181818181818,0.0,0.617064482879947,0.0,0.8021740676004356,0.0059998034153597,0.4061306790293949,0.3831259271141944,0.0,0.0,0.0,0.520504284523694,0.0,0.6610577686838098,0.0,0.3488720705372662,0.383927695266935,0.7706414081037871,0.2962858160184501,0.7714180543389844,0.9159829020500184,0.0,0.7221659710015907,0.0,0.6021725441548496,0.004463027802777,0.0320893375628517,0.0,0.0030391054546488,0.5101619222484891,0.256526133648267,0.0568920787796253,1,1,1,0,1,1,1,1,1,0,1,1,1,1,1,1,1,1,1,1,1,1,1,1,1,1,1,1,1,1,0,1,1,1,1,0,1,0,0,0,1,1,0,0,1,1,1,1,0,0,0,1,1,0,0,0,1,0
19,125.25252525252525,0.0,0.6278804044596237,0.0,0.8070429437931055,0.0002324791514244,0.4023226153467898,0.3893126815826793,0.0,0.0,0.0,0.5190341812658399,0.0,0.6551566236906601,0.0,0.3594213447217187,0.3853727308099723,0.7753773935841288,0.3520158431359674,0.769595496738658,0.9165369640048476,0.0,0.7127113365437678,0.0,0.6006123143959524,0.0138339200596354,0.0325091312683427,0.0,0.0,0.6377725657792657,0.422495461952874,0.0482223855447905,1,1,1,0,1,1,1,1,1,0,1,1,1,1,1,1,1,1,1,1,1,1,1,1,1,1,1,1,1,1,0,1,1,1,1,0,1,0,0,0,1,1,0,0,1,1,1,1,0,0,0,1,1,0,0,0,1,0
20,128.68686868686868,0.0,0.6327153818022256,0.0,0.8115641032903519,0.0,0.4012305701758891,0.3914219741811201,0.0,0.0,0.0,0.5153715604825678,0.0,0.6675616814039336,0.0,0.3603167343500688,0.3839616713187674,0.7862471562843687,0.406855758120477,0.7699003628046022,0.9177149745573814,0.0,0.7066234314667653,0.0,0.5969187165647096,0.023037348179719,0.0321138971231088,0.0,0.0,0.7404384346396107,0.6211841486649279,0.0392049355418818,1,1,1,0,1,1,1,1,1,0,1,1,1,1,1,1,1,1,1,1,1,1,1,1,1,1,1,1,1,1,0,1,1,1,1,0,1,0,0,0,1,1,0,0,1,1,1,1,0,0,0,1,1,0,0,0,1,0
21,132.12121212121212,0.0,0.6276515747643513,0.0,0.8130660235322964,0.0,0.4063561144493113,0.4007750405528565,0.0,0.0,0.0,0.5126839358467602,0.0,0.7096967703905125,0.0,0.3543869799274898,0.3763976810902782,0.7975886832699235,0.4874209704433487,0.7688601206997219,0.9180692042103408,0.0,0.6933495149437197,0.0,0.5950051049560183,0.0250670484104649,0.0311687845967829,0.0,0.0,0.7744295989784109,0.7016743511730905,0.0318106216554169,1,1,1,0,1,1,1,1,1,0,1,1,1,1,1,1,1,1,1,1,1,1,1,1,1,1,1,1,1,1,0,1,1,1,1,0,1,0,0,0,1,1,0,0,1,1,1,1,0,0,0,1,1,0,0,0,1,0
22,135.55555555555554,0.0,0.6270895707651185,0.0,0.803825832280405,0.0,0.4105920888385493,0.4057332594483546,0.0,0.0,0.0,0.5124186134457418,0.0,0.7266937212383453,0.0,0.3837327480697168,0.3818194542927728,0.7992418733942885,0.5398479525329577,0.7739409240715734,0.9158535253147292,0.0,0.6939055422959257,0.0,0.5903046603054504,0.0288862379396735,0.0344980559372296,0.0,0.0,0.8371791771045314,0.7584648430347443,0.0276918358445113,1,1,1,0,1,1,1,1,1,0,1,1,1,1,1,1,1,1,1,1,1,1,1,1,1,1,1,1,1,1,0,1,1,1,1,0,1,0,0,0,1,1,0,0,1,1,1,1,0,0,0,1,1,0,0,0,1,0
23,138.989898989899,0.0,0.6317694115009418,0.0,0.8034007717970892,0.0,0.4119704708984982,0.4067208837817233,0.0,0.0,0.0,0.5114258066782297,0.0,0.7288595504328057,0.0,0.3588314835883623,0.3860977877628415,0.8055286009402916,0.5774093807545133,0.7793172736128671,0.9150748183416668,0.0,0.6963388914987751,0.0,0.6133673562016593,0.0344515902851709,0.0492532326227853,0.0,0.0,0.9139728502166836,0.5335362927788003,0.0251193815438086,1,1,1,0,1,1,1,1,1,0,1,1,1,1,1,1,1,1,1,1,1,1,1,1,1,1,1,1,1,1,0,1,1,1,1,0,1,0,0,0,1,1,0,0,1,1,1,1,0,0,0,1,1,0,0,0,1,0
24,142.42424242424244,0.0,0.6485830216620974,0.0,0.8032320255175407,0.0,0.4253273659678456,0.4207984074854848,0.0,0.0,0.0,0.509709351441477,0.0,0.7196620678788335,0.0,0.3471197888711623,0.3890354339617473,0.8095564989447566,0.5953785421258633,0.7830062679840344,0.915276142271784,0.0,0.6912174967796174,0.0,0.6275579128939719,0.0352722295819493,0.0574562334132992,0.0,0.0,0.9149028264812674,0.4988673147261664,0.0182588284804996,1,1,1,0,1,1,1,1,1,0,1,1,1,1,1,1,1,1,1,1,1,1,1,1,1,1,1,1,1,1,0,1,1,1,1,0,1,0,0,0,1,1,0,0,1,1,1,1,0,0,0,1,1,0,0,0,1,0
25,145.85858585858583,0.0,0.6588515152789014,0.0,0.8023806060314649,0.0,0.4194918551441341,0.4442093973784189,0.0,0.0,0.0,0.5092003915370844,0.0,0.7124706211314111,0.0,0.3365465521481233,0.3891782251441711,0.8092385266936808,0.6222074269409612,0.7845290560270063,0.9156614088271776,0.0,0.6580257610160171,0.0,0.6188363311169054,0.0442984310137689,0.0562025371104102,0.0,0.0,0.9429549882157702,0.7247752013712389,0.0098363172494301,1,1,1,0,1,1,1,1,1,0,1,1,1,1,1,1,1,1,1,1,1,1,1,1,1,1,1,1,1,1,0,1,1,1,1,0,1,0,0,0,1,1,0,0,1,1,1,1,0,0,0,1,1,0,0,0,1,0
26,149.29292929292927,0.0447481920425742,0.6541993670318396,0.0,0.8013278926728507,0.0,0.4198331368662672,0.4580438276000012,0.0,0.0,0.0,0.508203120468524,0.0,0.7163405832683056,0.0,0.3375404205522554,0.3848972831341745,0.8081906978524772,0.6290245814544189,0.7857436564928485,0.915902688987012,0.0,0.6325278547000441,0.0,0.6245291236405079,0.0486719809249062,0.0699476092934489,0.0,0.0,0.9229866703902868,0.7777971637553471,0.0024071884014551,1,1,1,0,1,1,1,1,1,0,1,1,1,1,1,0,1,1,1,1,1,1,1,1,1,1,1,1,1,1,0,1,1,1,1,0,1,0,0,0,1,1,0,0,1,1,1,1,0,0,0,1,1,0,0,0,1,0
27,152.72727272727272,0.0915621283573331,0.6527136644053824,0.0,0.7998461960912837,0.0,0.4218316370202044,0.4770370887667977,0.0,0.0,0.0,0.509801638797406,0.0,0.7155423394799485,0.0,0.339521011583147,0.37888763082585,0.8088342347907942,0.6301321833967646,0.7852348409701009,0.91527845750175,0.0,0.634966300423992,0.0,0.6450395083280158,0.0556421618233813,0.0586941680306356,0.0,0.0,0.9066766642729368,0.7823375026528527,0.0111741407327514,1,1,1,0,1,1,1,1,1,0,1,1,1,1,1,0,1,1,1,1,1,1,1,1,1,1,1,1,1,1,0,1,1,1,1,0,1,0,0,0,1,1,0,0,1,1,1,1,0,0,0,1,1,0,0,0,1,0
28,156.16161616161617,0.0915845281034683,0.6588747680191955,0.0,0.7981236034539618,0.0,0.4272709799068788,0.4970438738926619,0.0,0.0,0.0,0.5095907652555502,0.0,0.7241080940241668,0.0,0.3483258752532352,0.3806411585742522,0.8052868871730561,0.6313901953435601,0.7803422715892356,0.9148074741215064,0.0,0.6407579281412884,0.0,0.6536987799749966,0.0643355711528128,0.0345575488776152,0.0,0.0,0.904725657900473,0.7867562356917093,0.0152940525213316,1,1,1,0,1,1,1,1,1,0,1,1,1,1,1,0,1,1,1,1,1,1,1,1,1,1,1,1,1,1,0,1,1,1,1,0,1,0,0,0,1,1,0,0,1,1,1,1,0,0,0,1,1,0,0,0,1,0
29,159.59595959595958,0.0703567360390417,0.6590360622912124,0.0,0.7952196429993583,0.0,0.4269230162609204,0.5074354804951278,0.0,0.0,0.0,0.5128550856339151,0.0,0.7296259014475803,0.0,0.3710166178554785,0.3890223701597604,0.8115848880255689,0.6169108574732471,0.7766982586200202,0.9155623372320114,0.0,0.6176427168558056,0.0,0.680474466871946,0.083663054816741,0.0316283192633198,0.0,0.0,0.922756141361982,0.7869036540959986,0.0189866641941837,1,1,1,0,1,1,1,1,1,0,1,1,1,1,1,0,1,1,1,1,1,1,1,1,1,1,1,1,1,1,0,1,1,1,1,0,1,0,0,0,1,1,0,0,1,1,1,1,0,0,0,1,1,0,0,0,1,0
30,163.03030303030303,0.1605547075018076,0.6576305733256982,0.0,0.7922382062161303,0.0,0.4262256196366515,0.5030948524467662,0.0,0.0,0.0,0.5119719222067713,0.0,0.735564167576197,0.0,0.3833331309937769,0.3869650917528564,0.817978760044536,0.5857906432884943,0.7723336251515338,0.9163444276709812,0.0,0.5895895335350538,0.0,0.7029584988914275,0.1061167724386366,0.0326824559055058,0.0,0.0,0.9271712845442353,0.7524619563555739,0.0134004795601182,1,1,1,0,1,1,1,1,1,0,1,1,1,1,1,0,1,1,1,1,1,1,1,1,1,1,1,1,1,1,0,1,1,1,1,0,1,0,0,0,1,1,0,0,1,1,1,1,0,0,0,1,1,0,0,0,1,0
31,166.46464646464648,0.2903047713150419,0.6570199826802389,0.0,0.791070070189295,0.0,0.4300539034954102,0.5037499837214299,0.0,0.0,0.0,0.5081806906596171,0.0,0.7385585914958925,0.0,0.3947256289942241,0.3832907093602934,0.8232353683473574,0.5718381990502148,0.7607829729736098,0.9170704171335832,0.0,0.6206249706298939,0.0,0.6969300884206127,0.1519631230536187,0.0323282807306699,0.0,0.0,0.9015887192071816,0.4990613896704791,0.0073550844952471,1,1,1,0,1,1,1,1,1,0,1,1,1,1,1,0,1,1,1,1,1,1,1,1,1,1,1,1,1,1,0,1,0,1,1,0,1,0,0,0,1,0,0,0,1,1,1,1,0,0,1,1,1,0,0,0,1,0
32,169.8989898989899,0.2877148420145824,0.6585770764747398,0.0,0.7899274267239385,0.0,0.4522563483521844,0.5078439786475215,0.0,0.0,0.0,0.5071643176664881,0.0,0.7428164191812965,0.0,0.4019977566065523,0.3808265602969034,0.8312116159961518,0.573184654235871,0.7587834685572215,0.917786238505467,0.0,0.6322533214860142,0.0,0.6872769968663075,0.1995986571656254,0.0293717260352284,0.0,0.0,0.8778262943484563,0.5796094935725128,0.0032564523031279,1,1,1,0,1,1,1,1,1,0,1,1,1,1,1,0,1,1,1,1,1,1,1,1,1,1,1,1,1,1,0,1,0,1,1,0,1,0,0,0,1,0,0,0,1,1,1,1,0,0,1,1,1,0,0,0,1,0
33,173.33333333333331,0.2484886900588192,0.6563787629153371,0.0,0.7888318052597604,0.0,0.4726586418459988,0.533828516495781,0.0,0.0,0.0,0.5099837425388658,0.0,0.7509233266873465,0.0007141261788104,0.4053089012667458,0.3774001821242694,0.8342480730010375,0.57292609764532,0.7760392505435267,0.9184527871605876,0.0,0.6300527459101827,0.0,0.7007048848166039,0.2574414507055472,0.0248181929506189,0.0,0.0,0.8854394171743001,0.7856558232036019,0.0,1,1,1,0,1,1,1,1,1,0,1,1,1,1,1,0,1,1,1,1,1,1,1,1,1,1,1,1,1,1,0,1,0,1,1,0,1,0,0,0,1,0,0,0,1,1,1,1,0,0,1,1,1,0,0,0,1,0
34,176.76767676767676,0.2278669547226197,0.650921642349592,0.0,0.7895227507281926,0.0,0.464093913532815,0.515530626714165,0.0,0.0,0.0,0.5046989502635983,0.0,0.7573747358367753,0.0057583737619005,0.3982685726323074,0.3839227298478619,0.8339536221179711,0.5577866881253866,0.7680259843041793,0.9189070166918992,0.0,0.3730901261782005,0.0,0.7258989649630054,0.2584000198512391,0.0370515882675668,0.0,0.0,0.8727480699250076,0.7841635152895673,0.0100134038549789,1,1,1,0,1,1,1,1,1,0,1,1,1,1,1,0,1,1,1,1,1,1,1,1,1,1,1,1,1,1,0,1,0,1,1,0,0,0,0,0,1,0,0,0,1,1,1,1,0,0,1,1,1,0,0,0,1,0
35,180.2020202020202,0.2235269420769982,0.6577466947999446,0.0,0.7914234424008862,0.0,0.4385408455869758,0.5322755302371669,0.0,0.0,0.0,0.5057586756879776,0.0,0.757921338775198,0.0085479169210654,0.3954380573152679,0.3830675039252161,0.8565231441424447,0.5810730366351928,0.7486996589112771,0.9182362723928958,0.0,0.2244491064944186,0.0,0.7415947756634544,0.2657649925809816,0.0422215342489296,0.0,0.0,0.8568392353313464,0.7844485540066061,0.005911508699694,1,1,1,0,1,1,1,1,1,0,1,1,1,1,1,0,1,1,1,1,1,1,1,1,1,1,1,1,1,1,0,1,0,1,1,0,0,0,0,0,1,0,0,0,1,1,1,1,0,0,1,1,1,0,0,0,1,0
36,183.63636363636363,0.2451070706619633,0.6602619976366136,0.0,0.7957992725718419,0.0,0.4369335347389737,0.5556816589263784,0.0,0.0,0.0,0.5030767608983742,0.0,0.7484462235718139,0.0060261570923535,0.3948193284570422,0.3811833465552394,0.8759440866834027,0.5869915543348385,0.7680827893170148,0.9169830275538882,0.0,0.0784679002104845,0.0,0.7385594404459705,0.3070508496946609,0.0411842196925657,0.0,0.0,0.8401715939465095,0.7104853652868608,0.0001271402530367,1,1,1,0,1,1,1,1,1,0,1,1,1,1,1,0,1,1,1,1,1,1,1,1,1,1,1,1,1,1,0,1,0,1,1,0,0,0,0,0,1,0,0,0,1,1,1,1,0,0,1,1,1,0,0,0,1,0
37,187.07070707070707,0.298391369444029,0.6557085505057383,0.0,0.7925352435804751,0.0,0.4346848911320879,0.5465913281774861,0.0,0.0,0.0,0.4991887764281045,0.0,0.7371165495486491,0.0099789886993925,0.396107567312565,0.3842623392015358,0.8968507554413155,0.5857714323975948,0.7469740421453138,0.9169582292857404,0.0,0.0,0.0,0.7442968533159564,0.3246864945211871,0.0413298782775797,0.0,0.0,0.8253462300090058,0.684720692829617,0.0,1,1,1,0,1,1,1,1,1,0,1,1,1,1,1,0,1,1,1,1,1,1,1,1,1,1,1,1,1,1,0,1,0,1,1,0,0,0,0,0,1,0,0,0,1,1,1,1,0,0,1,1,1,0,0,0,1,0
38,190.5050505050505,0.3041273968274276,0.6440721931139943,0.0,0.787525417607807,0.0,0.4322287367231587,0.5354487120768574,0.0,0.0,0.0,0.4885721402197547,0.0,0.742346297757801,0.0252582371415916,0.3917391892019514,0.3816995911440331,0.9001289622153572,0.5908275846179447,0.736944125714792,0.9177401250212271,0.0,0.0027654961837935,0.0,0.7535014447197244,0.3246848804275835,0.039046068058032,0.0,0.0,0.8159130483169648,0.7073827544815728,0.0,1,1,1,0,1,1,1,1,1,0,1,1,1,1,1,0,1,1,1,1,1,1,1,1,1,1,0,1,1,1,0,1,0,1,1,0,0,0,0,0,1,0,0,0,1,1,1,1,0,0,1,1,1,0,0,0,1,0
39,193.9393939393939,0.2978086030804017,0.6343379012843429,0.0,0.7869850960843141,0.0,0.4311762876548978,0.5504795388073145,0.0,0.0,0.0,0.4813112283873789,0.0,0.7533056334701482,0.035965062529896,0.3878264844972581,0.3826724135070546,0.9002416305695422,0.6145665110197542,0.7288058352182519,0.9171501032093,0.0,0.0157964246983046,0.0,0.7585744677150221,0.3060880966271821,0.0402149233259086,0.0,0.0,0.8148072020516807,0.7866623222518003,0.0,1,1,1,0,1,1,1,1,1,0,1,1,1,1,1,0,1,1,1,1,1,1,1,1,1,1,0,1,1,1,0,1,0,1,1,0,0,0,0,0,1,0,0,0,1,1,1,1,0,0,1,1,1,0,0,0,1,0
40,197.37373737373736,0.2706522649020194,0.6110615044979428,0.0,0.7865267510476142,0.0,0.4438140937551551,0.5607160330555561,0.0,0.0,0.0,0.4687015569584995,0.0,0.7574487040693896,0.0406525241644873,0.3907792158367418,0.3905588597949028,0.9007152524907226,0.639181242515491,0.7258611025353723,0.9167549024519068,0.0,0.0228985989288119,0.0,0.7609750913775527,0.2828901816339992,0.041366191259182,0.0,0.0,0.8583537362309963,0.7854553512114975,0.0,1,1,1,0,1,1,1,1,1,0,1,1,1,1,1,0,1,1,1,1,1,1,1,1,1,1,0,1,1,1,0,1,0,1,1,0,0,0,0,0,1,0,0,0,1,1,1,1,0,0,1,1,1,0,0,0,1,0
41,200.8080808080808,0.2653885097816764,0.591257381679802,0.0,0.7860274177675178,0.0,0.4744099646859581,0.5662985734427968,0.0,0.0,0.0,0.4735265145106402,0.0,0.7528766009017915,0.0456914547785898,0.396192629292327,0.3959373354761896,0.902020711709388,0.6470109306780286,0.7250806807765029,0.9152319905507468,0.0,0.0181620687808579,0.0,0.7587412026608624,0.2515201688079924,0.0399994183807361,0.0,0.0,0.8781290110757753,0.7246296545996531,0.0,1,1,1,0,1,1,1,1,1,0,1,1,1,1,1,0,1,1,1,1,1,1,1,1,1,1,0,1,1,1,0,1,0,1,1,0,0,0,0,0,1,0,0,0,1,1,1,1,0,0,1,1,1,0,0,0,1,0
42,204.24242424242425,0.267036204582986,0.5810544576026819,0.0,0.7975503627411172,0.0,0.4423356402343734,0.5639243919287148,0.0,0.0,0.0,0.4858019994101006,0.0,0.7266534375927205,0.0453441133157213,0.3944700942566918,0.3959162529558011,0.9023207030462834,0.636248045716142,0.7336739793260647,0.9147719414549402,0.0,0.0015864154041385,0.0,0.7604715996244211,0.2365468584258991,0.0469687194630227,0.0,0.0,0.872856608155322,0.692026371553206,0.0,1,1,1,0,1,1,1,1,1,0,1,1,1,1,1,0,1,1,1,1,1,1,0,1,1,1,0,1,1,1,0,1,0,1,1,0,0,0,0,0,1,0,0,0,1,1,0,1,0,0,1,1,1,0,0,0,1,0
43,207.67676767676767,0.2755546639345317,0.5857107970131801,0.0,0.8088037258742335,0.0,0.4389132317190594,0.5643483659018917,0.0,0.0,0.0,0.4667403598518697,0.0,0.6969027252798867,0.0388837188908756,0.3916616225032161,0.3958951704354126,0.9027828457235326,0.6335547119179117,0.7519621843899907,0.9153973161788932,0.0,0.0,0.0,0.7691900076653309,0.2639193690169464,0.0494606729644661,0.0,0.0,0.8620078706327188,0.7248528570708623,0.0,1,1,1,0,1,1,1,1,1,0,1,1,1,1,1,0,1,1,1,1,1,1,0,1,1,1,0,1,1,1,0,1,0,1,1,0,0,0,0,0,1,0,0,0,1,1,0,1,0,0,1,1,1,0,0,0,1,1
44,211.11111111111111,0.3375338345250342,0.5619043651078119,0.0,0.8180074870966378,0.0,0.4740932433656516,0.5836880221044753,0.0,0.0,0.0,0.4903540143672455,0.0,0.7008531703790823,0.0440437106274307,0.3949743284387831,0.3953141503501983,0.903401937731452,0.6426274639787699,0.7050230858488615,0.916878118774545,0.0,0.0,0.0,0.7690521372725685,0.343612127346194,0.0489375940589904,0.0,0.0,0.8494803260980585,0.7915100687387033,0.0,1,1,1,0,1,1,1,1,1,0,1,1,1,1,1,0,1,1,1,1,1,1,0,1,1,1,0,1,1,1,0,1,0,1,1,0,0,0,0,0,1,0,0,0,1,1,0,1,0,0,1,1,1,0,0,0,1,1
45,214.54545454545453,0.3505158519585705,0.4463421375673412,0.0,0.804928361339663,0.0,0.4506914847368338,0.5938872423636675,0.0,0.0,0.0,0.496532885583995,0.0,0.719562254046721,0.0165898680440018,0.3869208367096677,0.3959857862024335,0.9049751070931462,0.6527737284450033,0.6418348192177774,0.916742809212182,0.0,0.0061661524488265,0.0,0.7779433827528969,0.3415755977634861,0.032181994664519,0.0,0.0,0.8723976081185443,0.793689515497737,0.0,1,1,1,0,1,1,1,1,1,0,1,1,1,1,1,0,1,1,1,1,1,1,0,1,1,1,0,1,1,1,0,1,0,1,1,0,0,0,0,0,1,0,0,0,1,1,0,1,0,0,1,1,1,0,0,0,1,1
46,217.979797979798,0.3022400282241443,0.3110124989423333,0.0,0.7966873176078935,0.0,0.4549767520469956,0.5820855157413698,0.0,0.0,0.0,0.4791528481426029,0.0,0.723958234969228,0.014814161265904,0.3813354507984789,0.4013293015370489,0.9021632129450936,0.6574911410616952,0.6007736253750062,0.9161092298704344,0.0010974650526547,0.1814019166930013,0.0,0.7724418502653908,0.3800534697065963,0.0327729959796624,0.0,0.0,0.8727535248553414,0.7911158658538936,0.0,1,1,1,0,1,1,1,1,1,0,1,1,1,1,1,0,1,1,1,1,1,1,0,1,1,1,0,1,1,1,0,1,0,1,1,0,0,0,0,0,1,0,0,0,1,1,0,1,0,0,1,1,1,0,0,0,1,1
47,221.4141414141414,0.2862219040791454,0.1771145222393972,0.0,0.7971446550695308,0.0,0.4775002693080766,0.5733964194216237,0.0,0.0,0.0,0.4648356895096914,0.0,0.721627163833593,0.0170303703282528,0.3847113106158092,0.4504528896325249,0.9003202070510393,0.6615921536902218,0.5828353355859914,0.9169736175821546,0.007812083333006,0.4050403546838186,0.0,0.7668525361364094,0.4247103863668033,0.0352773237360882,0.0,0.0,0.8731094415921388,0.7705494861521054,0.0,1,1,1,0,1,1,1,1,1,0,1,1,1,1,1,0,1,1,1,1,1,1,0,1,1,1,0,1,1,1,0,1,0,1,1,0,0,0,0,0,1,0,0,0,1,1,0,1,0,0,1,1,1,0,0,0,1,1
48,224.84848484848484,0.2749085182498789,0.1094303736243236,0.0,0.8017528939797106,0.0,0.4778287763513948,0.5672824867472963,0.0,0.0,0.0,0.4487285054227565,0.0,0.7173295041270729,0.0225953308666842,0.3930433304336273,0.5801497414765115,0.9015331958318396,0.6691869030089186,0.5435904701202241,0.9171704322367542,0.0151315503580772,0.4978110562243296,0.0,0.769913456147746,0.4025084983754637,0.0352244862527854,0.0,0.0,0.8777135543816121,0.7329827752071417,0.0,1,1,1,0,1,0,1,1,1,0,1,1,1,1,1,0,1,1,1,1,1,1,0,1,1,1,0,1,1,1,0,1,0,1,1,0,0,0,0,0,1,0,0,0,1,1,0,1,0,0,1,1,1,0,0,0,1,1
49,228.2828282828283,0.2614815806278547,0.0931372883682379,0.0,0.7916205573031115,0.0,0.4771506629068068,0.5683817839322273,0.0,0.0,0.0,0.4525314885322891,0.0,0.7165612355261117,0.0381432497593008,0.3976440791033552,0.6737849225337104,0.9052544482811078,0.6624859953815376,0.517402681606866,0.9166253239189144,0.0176613482308274,0.5123709604224385,0.0,0.7775189316015043,0.3887130113480571,0.0360175572059865,0.0,0.0,0.8814372584243666,0.7092840709349255,0.0,1,1,1,0,1,0,1,1,1,0,1,1,1,1,1,0,1,1,1,1,1,1,0,1,1,1,0,1,1,1,0,1,0,1,1,0,0,0,0,0,1,0,0,0,1,1,0,1,0,0,1,1,1,0,0,0,1,1
50,231.7171717171717,0.2586631024211221,0.0784956677928744,0.0,0.7996162591710156,0.0,0.4788602723865325,0.571077964043659,0.0,0.0,0.0,0.4619239540671419,0.0,0.7196456569030514,0.0672894309358324,0.395486365739615,0.6750031096397556,0.9032382179995522,0.6551791947857735,0.4864542691533646,0.9161741659403084,0.0143187159832336,0.5393290567022824,0.0,0.7817568695351096,0.3854649528227578,0.0348563898890099,0.0,0.0,0.8847370363826398,0.7526932521553868,0.0045975022128204,1,1,1,0,1,0,1,1,1,0,1,1,1,1,1,0,1,1,1,1,1,1,0,1,1,1,0,1,1,1,0,1,0,1,1,0,0,0,0,0,1,0,0,0,1,1,0,1,0,0,1,1,1,0,0,0,1,1
51,235.15151515151516,0.2484961610797079,0.0703409244951869,0.0,0.8075962697020717,0.0,0.4929689332220871,0.5746283284478503,0.0,0.0,0.0,0.4613782288643517,0.0,0.7279358196762276,0.0512829430074662,0.4004793943579603,0.6715395020428989,0.9018633828448104,0.6522277580014286,0.4171456687815749,0.914673626422882,0.0385826482312643,0.5803062593953668,0.0,0.7829427739459405,0.3717840659921677,0.0345380779593958,0.0,0.0,0.8796539582151292,0.7525709995460785,0.0105351262238008,1,1,1,0,1,0,1,1,1,0,1,1,1,1,1,0,1,1,1,1,1,1,0,1,1,1,0,1,1,1,0,1,0,1,1,0,0,0,0,0,1,0,0,0,1,1,0,1,0,0,1,1,1,0,0,0,1,1
52,238.58585858585857,0.2459695597133385,0.0583939148505843,0.0,0.8083593331400141,0.0,0.511139357425378,0.5781786928520417,0.0,0.0,0.0,0.4631954237746056,0.0,0.7363669538429565,0.0289479196329324,0.4077755221956551,0.6659643918671101,0.9040725644716104,0.6600192622412611,0.3372743966004382,0.9152352263703905,0.033596950631525,0.6336852716934058,0.0,0.7835575887081077,0.3629303884420235,0.0348022590565458,0.0,0.0,0.8817371587120668,0.6860742259191224,0.015322905802047,1,1,1,0,1,0,1,1,1,0,1,1,1,1,1,0,1,1,1,1,1,1,0,1,1,1,0,1,1,1,0,1,0,1,1,0,0,0,0,0,1,0,0,0,1,1,0,1,0,0,1,1,1,0,0,0,1,1
53,242.020202020202,0.2436517497744617,0.0456400998168305,0.0,0.8093737421406144,0.0,0.5240188585140791,0.5817290572562331,0.0,0.0,0.0,0.4600669950619996,0.0,0.7379104447416098,0.0130256631636836,0.4282313698814116,0.6638622945907189,0.9063547364933024,0.66495827288134,0.2490382612297667,0.9156545127838944,0.0086555616676674,0.6541043986925985,0.0,0.781049303039167,0.3555125679617072,0.0365328841893937,0.0,0.0,0.8799380383588098,0.5894791229663832,0.0153585782298712,1,1,1,0,1,0,1,1,1,0,1,1,1,1,1,0,1,1,1,1,1,1,0,1,1,1,0,1,1,1,0,1,0,1,1,0,0,0,0,0,1,0,0,0,1,1,0,1,0,0,1,1,1,0,0,0,1,1
54,245.45454545454544,0.2415307080528026,0.0330104377038173,0.0,0.8118497762688522,0.0,0.5356987822127802,0.5878395060843035,0.0,0.0,0.0,0.4530169910313877,0.0,0.7376658476508869,0.0023294228881993,0.4390086651547055,0.6643192831018141,0.9047967833823418,0.6683411310206961,0.1583140969586013,0.9156638790202838,0.0,0.661167502062038,0.0,0.7796141668104395,0.3321583717528187,0.0408499217523905,0.0,0.0,0.8789831969746762,0.5273093606765515,0.0090193763002773,1,1,1,0,1,0,1,1,1,0,1,1,1,1,1,0,1,1,1,1,1,1,0,1,1,1,0,1,1,1,0,1,0,1,1,0,0,0,0,0,1,0,0,0,1,1,0,1,0,0,1,1,1,0,0,0,1,1
55,248.88888888888889,0.2622201101796722,0.0234483544438401,0.0,0.8097168269645159,0.0150167903190889,0.5463654537394456,0.5764206176066842,0.0,0.0,0.0,0.4685116396707459,0.0,0.7413377801173997,0.0,0.4275446332250647,0.6646115910793459,0.9037346538240252,0.6729768957222793,0.0780853086746123,0.91517523044272,0.0,0.6772928071734311,0.0,0.7739308773271245,0.2932480693020824,0.0386650930696718,0.0,0.0,0.8790417190251913,0.4417166700546869,0.0,1,1,1,0,1,0,1,1,1,0,1,1,1,1,1,0,1,1,1,1,1,1,0,1,1,1,0,1,1,1,0,1,0,1,1,0,0,0,0,0,1,0,0,0,1,1,0,1,0,0,1,1,1,0,0,0,1,1
56,252.32323232323233,0.2679437363435687,0.021861512414622,0.0,0.8099267023063412,0.0,0.5433671393839583,0.5689711401261032,0.0,0.0,0.0,0.4536001060693311,0.0,0.746256937314295,0.0,0.4365811113445879,0.6642275304789189,0.9026993680707752,0.6638009733378862,0.0649204432671445,0.9163118233472658,0.0048707936970701,0.6744025693851017,0.0,0.7705485518310731,0.2597922551902557,0.0330441330709386,0.0,0.0,0.8858213222998288,0.3099469580225155,0.0,1,1,1,0,1,0,1,1,1,0,1,1,1,1,1,0,1,1,1,1,1,1,0,1,1,1,0,1,1,1,0,1,0,1,1,0,0,0,0,0,1,0,0,0,1,1,0,1,0,0,1,1,1,0,0,0,1,1
57,255.75757575757575,0.2396192849255918,0.0190256358463397,0.0,0.8131212041441043,0.0,0.5368712465782026,0.576044318480055,0.0,0.0,0.0,0.4487832424292648,0.0,0.7462136873951614,0.0,0.44188623086344,0.661790269044982,0.9004632697976547,0.6663136854394043,0.0591271006194122,0.9177349691290232,0.013094829400951,0.6700765483173163,0.0,0.771197833496011,0.2515547451850008,0.0301613381862138,0.0,0.0,0.8924758854101211,0.2162247421284448,0.0,1,1,1,0,1,0,1,1,1,0,1,1,1,1,1,0,1,1,1,1,1,1,0,1,1,1,0,1,1,1,0,1,0,1,1,0,0,0,0,0,1,0,0,0,1,1,0,1,0,0,1,1,1,0,0,0,1,1
58,259.19191919191917,0.2166627644716815,0.015358112188542,0.0,0.8154444095267632,0.0,0.5342206776947723,0.5750621180972484,0.0,0.0,0.0053692294162136,0.4479857298402111,0.0,0.7439138456693156,0.0,0.4518533032562586,0.6598297871710604,0.8962033270869487,0.6707708940302033,0.0521998204101454,0.9174894132367076,0.0099234892005948,0.6665094393436382,0.0,0.7811494788708129,0.2455994257899643,0.0308364769437442,0.0,0.0,0.9009276851633105,0.1117829491444862,0.0,1,1,1,0,1,0,1,1,1,0,1,1,1,1,1,0,1,1,1,1,1,1,0,1,1,1,0,1,1,1,0,1,0,1,1,0,0,0,0,0,1,0,0,0,1,1,0,1,0,0,1,1,1,0,0,0,1,1
59,262.6262626262626,0.2065322390212535,0.0116534864597948,0.0,0.8177676149094222,0.0,0.538987229539742,0.5683417938003473,0.0,0.0,0.0094248671680571,0.4543638899930354,0.0,0.7409679898914578,0.0,0.4604593439094895,0.6689490232348467,0.8995687868092916,0.6645888034792763,0.044823969118722,0.9174172646844614,0.001456335266764,0.6784195185614741,0.0,0.7837138248693934,0.2442687625731817,0.0314441917609915,0.0,0.0,0.9056627754069376,0.0682778809568261,0.0,1,1,1,0,1,0,1,1,1,0,1,1,1,1,1,0,1,1,1,1,1,1,0,1,1,1,0,1,1,1,0,1,0,1,1,0,0,0,0,0,1,0,0,0,1,1,0,1,0,0,1,1,1,0,0,0,1,1
60,266.06060606060606,0.2019394816963958,0.0104894394186138,0.0,0.8204721944377453,0.0,0.5426184137398202,0.5732886360038562,0.0,0.0,0.0128090575217067,0.4605738807460601,0.0,0.7371122370329264,0.0,0.477278883089589,0.6695127856890378,0.9020309649633584,0.6611835555491705,0.0369832309241771,0.9173627753436489,0.0,0.6783146907221926,0.0,0.7803023111202703,0.2487153461750355,0.0314571305099513,0.0,0.0,0.9050510348584628,0.0329733505822452,0.0,1,1,1,0,1,0,1,1,1,0,1,1,1,1,1,0,1,1,1,1,1,1,0,1,1,1,0,1,1,1,0,1,0,1,1,0,0,0,0,0,1,0,0,0,1,1,0,1,0,0,1,1,1,0,0,0,1,1
61,269.4949494949495,0.2090401035578157,0.0096600435853481,0.0,0.8169970932961345,0.0,0.5513946630553899,0.5755371837912385,0.0,0.0,0.013618353872937,0.458411323151701,0.0,0.7282365175491003,0.0,0.4810432986216378,0.665592015695231,0.9004961611294934,0.6560685621448094,0.0293066597419644,0.9173082860028364,0.0,0.6705690668732629,0.0,0.7771220266701153,0.2376792632745713,0.033718205193499,0.0,0.0,0.8987669934443291,0.0268165288109657,0.0,1,1,1,0,1,0,1,1,1,0,1,1,1,1,1,0,1,1,1,1,1,1,0,1,1,1,0,1,1,1,0,1,0,1,1,0,0,0,0,0,1,0,0,0,1,1,0,1,0,0,1,1,1,0,0,0,1,1
62,272.92929292929296,0.2070657640153607,0.0071310107994551,0.0,0.8119209642231189,0.0,0.5615919959774341,0.572596256886544,0.0,0.0,0.0083051126072745,0.4600341633264858,0.0,0.7319126240083398,0.0,0.4901478533158584,0.6642312289873173,0.8985791767723222,0.6472487352124228,0.0205438636236605,0.9175948717627732,0.0,0.670211098758811,0.0,0.7702112877450562,0.2364769652887217,0.0348009252160909,0.0,0.0,0.8940297188267914,0.0334066975029706,0.0,1,1,1,0,1,0,1,1,1,0,1,1,1,1,1,0,1,1,1,1,1,1,0,1,1,1,0,1,1,1,0,1,0,1,1,0,0,0,0,0,1,0,0,0,1,1,0,1,0,0,1,1,1,0,0,0,1,1
63,276.3636363636364,0.1994424265915821,0.0049597978700789,0.0,0.816149576820915,0.0,0.5717639439090194,0.5755405501062436,0.0,0.0,0.0056208450645936,0.4611426863032553,0.0,0.7380220996638742,0.0,0.4830479635385952,0.668403367928722,0.9017971669193312,0.6368709825564264,0.0163940674654574,0.9174939287884168,0.0,0.6669083107717633,0.0,0.7698424240250643,0.306737800778752,0.0356911321773285,0.0,0.0,0.9061396031658484,0.0479021502145017,0.0,1,1,1,0,1,0,1,1,1,0,1,1,1,1,1,0,1,1,1,1,1,1,0,1,1,1,0,1,1,1,0,1,0,1,1,0,0,0,0,0,1,0,0,0,1,1,0,1,0,0,1,1,1,0,0,0,1,1
64,279.7979797979798,0.2040526768381368,0.0013088124505876,0.0,0.8159624254791817,0.0,0.5857733290027393,0.5750177793450016,0.0,0.0,0.0097234081060007,0.4632611203825152,0.0,0.739091009354237,0.0,0.4749611115791703,0.6719659820107979,0.905246159046848,0.6397802275506084,0.0178573590411501,0.9174615514293578,0.0,0.6654085059271554,0.0,0.7694001831475259,0.2938030932104601,0.0375777586968893,0.0,0.0,0.9108700298210154,0.0665019333294355,0.0,1,1,1,0,1,0,1,1,1,0,1,1,1,1,1,0,1,1,1,1,1,1,0,1,1,1,0,1,1,1,0,1,0,1,1,0,0,0,0,0,1,0,0,0,1,1,0,1,0,0,1,1,1,0,0,0,1,1
65,283.2323232323232,0.2093556727048521,0.0,0.0,0.8170506622991219,0.0,0.6104234541852178,0.5765778955926031,0.0,0.0,0.0173455431743714,0.4660400284556051,0.0,0.7330620204277857,0.0,0.4745161583449281,0.6724303557221161,0.9060136444188208,0.6513580822326666,0.0163542077789966,0.917173727869436,0.0,0.6712867837924792,0.0,0.7693597580222076,0.2934238794768253,0.0403260966521105,0.0,0.0,0.896532731102139,0.0984619204181417,0.0,1,1,1,0,1,0,1,1,1,0,1,1,1,1,1,0,1,1,1,1,1,1,0,1,1,1,0,1,1,1,0,1,0,1,1,0,0,0,0,0,1,0,0,0,1,1,0,1,0,0,1,1,1,0,0,0,1,1
66,286.66666666666663,0.2063883357920286,0.0,0.0,0.825991821849172,0.0,0.5993659713825603,0.5773225280990455,0.0,0.0,0.0120043298687795,0.4474016183319432,0.0,0.7236453624149262,0.0,0.4959255703642399,0.6742976971865122,0.9036384332440656,0.6494251116349936,0.0116698463508233,0.917025530253202,0.0,0.6823093101523863,0.0,0.7789176532452707,0.3039774430457683,0.030510164197741,0.0,0.0,0.8630438383363526,0.0889059173718058,0.0,1,1,1,0,1,0,1,1,1,0,1,1,1,1,1,0,1,1,1,1,1,1,0,1,1,1,0,1,1,1,1,1,0,1,1,0,0,1,0,0,1,0,0,0,1,1,0,1,0,0,1,1,1,0,0,0,1,1
67,290.1010101010101,0.1964965853707371,0.0,0.0,0.8268386307793427,0.0,0.5987757480235334,0.5762347973124826,0.0,0.0,0.0133852358985454,0.441754131502602,0.0,0.7337762334938792,0.0,0.5069691619095587,0.6744099660174053,0.9023539572085124,0.6547775485563365,0.008441729286501,0.9161647205242384,0.0,0.671808873943543,0.0,0.7796536130405589,0.283193783995163,0.0281734430450694,0.0,0.0,0.8921217919916902,0.036590687901342,0.0,1,1,1,0,1,0,1,1,1,0,1,1,1,1,1,0,1,1,1,1,1,1,0,1,1,1,0,1,1,1,1,1,0,1,1,0,0,1,0,0,1,0,0,0,1,1,0,1,0,0,1,1,1,0,0,0,1,1
68,293.5353535353535,0.2023580795502454,0.0,0.0,0.849697502790543,0.0,0.6022218234949124,0.5798556672832434,0.0,0.0,0.0249803706092325,0.4330224498592806,0.0,0.730564210838695,0.0,0.5007136260461769,0.6769721208122306,0.902894318366776,0.667405537982894,0.0069762936325719,0.9148186131799184,0.0,0.6398273391153686,0.0,0.7748180549537772,0.2874549222620728,0.0267667060653901,0.0,0.0,0.9104435936255928,0.0126261549120947,0.0,1,1,1,0,1,0,1,1,1,0,1,1,1,1,1,0,1,1,1,1,1,1,0,1,1,1,0,1,1,1,1,1,0,1,1,0,0,1,0,0,1,0,0,0,1,1,0,1,0,0,1,1,1,0,0,0,1,1
69,296.969696969697,0.1861611067697408,0.0,0.0,0.8830788676328474,0.0,0.6057098315270404,0.5806487774829803,0.0,0.0,0.0356372428796795,0.4309882215905429,0.0,0.7097736193587433,0.0,0.5016776254620545,0.6783345204726632,0.9043766615825358,0.6757722952835655,0.0024431173955308,0.9158668487917648,0.0,0.650518523914252,0.0,0.770321270636636,0.2767569497099967,0.0234045258631585,0.0,0.0,0.9051756932874278,0.0039278492704258,0.0009757683365367,1,1,1,0,1,0,1,1,1,0,1,1,1,1,1,0,1,1,1,1,1,1,0,1,1,1,0,1,1,1,1,1,0,1,1,0,0,1,0,0,1,0,0,0,1,1,0,1,0,0,1,1,1,0,0,0,1,1
70,300.4040404040404,0.1585313121653136,0.0,0.0,0.903493460792806,0.0,0.6089378598374994,0.5800801430920044,0.0,0.0,0.0456647083709564,0.4341616346855843,0.0,0.6976193612323178,0.0,0.5020442247783898,0.6768245739349401,0.9043739882231598,0.6782109866993468,0.0,0.9167474049066294,0.0,0.6643163664646862,0.0,0.7770816627012724,0.250558509277242,0.0281756271206328,0.0,0.0,0.9019467339855224,0.0046834093166856,0.0061236059310192,1,1,1,0,1,0,1,1,1,0,1,1,1,1,1,0,1,1,1,1,1,1,0,1,1,1,0,1,1,1,1,1,0,1,1,0,0,1,0,0,1,0,0,0,1,1,0,1,0,0,1,1,1,0,0,0,1,1
71,303.83838383838383,0.1309015175608864,0.0,0.0,0.9012952925446632,0.0,0.6125387244492129,0.5792797775139147,0.0,0.0,0.0587078237476809,0.4367622430015507,0.0,0.6966621065859939,0.0,0.5001693651694931,0.6743881800891677,0.9031249714594832,0.6825052791196736,0.0,0.9171828724042386,0.0,0.6868335438618435,0.0,0.7878560371376606,0.2652565537179566,0.03270946508799,0.0,0.0,0.9022068594180512,0.0119526382791053,0.0126955189369329,1,1,1,0,1,0,1,1,1,0,1,1,1,1,1,0,1,1,1,1,1,1,0,1,1,1,0,1,1,1,1,1,0,1,1,0,0,1,0,0,1,0,0,0,1,1,0,1,0,0,1,1,1,0,0,0,1,1
72,307.27272727272725,0.095286378707166,0.0,0.0,0.8997016566747847,0.0,0.6290202814047899,0.5792315746044897,0.0,0.0,0.0752780208620283,0.4338512640011057,0.0,0.7118740780566192,0.0,0.5013453442730804,0.6746208617372131,0.8996346270820165,0.6866837185100815,0.0,0.9175277203963548,0.0,0.6908491663113429,0.0,0.7848333646144576,0.2602103357845509,0.0340472579912539,0.0,0.0,0.9035142321055648,0.0954098981319149,0.0217593888254354,1,1,1,0,1,0,1,1,1,0,1,1,1,1,1,0,1,1,1,1,1,1,0,1,1,1,0,1,1,1,1,1,0,1,1,0,0,1,0,0,1,0,0,0,1,1,0,1,0,0,1,1,1,0,0,0,1,1
73,310.70707070707067,0.0760870148416995,0.0,0.0,0.9033145157512004,0.0,0.6229258990363562,0.579330118735921,0.0,0.0,0.085530231055339,0.4305876598306587,0.0,0.728177049547696,0.0,0.5032922807513269,0.6733158767620521,0.8987583233609683,0.681965702017933,0.0,0.917906770687996,0.0,0.6874199352418411,0.0,0.7817982794381402,0.2213323695003068,0.0337342106992224,0.0,0.0,0.9053453935051736,0.2021403648388228,0.0301556444215639,1,1,1,0,1,0,1,1,1,0,1,1,1,1,1,0,1,1,1,1,1,1,0,1,1,1,0,1,1,1,1,1,0,1,1,0,0,1,0,0,1,0,0,0,1,1,0,1,0,0,1,1,1,0,0,0,1,1
74,314.14141414141415,0.0562294577197092,0.0,0.0,0.9040346370587192,0.0,0.6279514980731407,0.580019608535646,0.0,0.0,0.0786760022034818,0.4327112571526077,0.0,0.7334060994801164,0.0,0.5147253689069962,0.671940455735252,0.900391970195019,0.6811173308894795,0.0,0.919120728969574,0.0,0.6884910303825218,0.0,0.7771315753661006,0.2196771002070723,0.0336900291260619,0.0,0.0,0.9068944725426418,0.3320816942726339,0.0387084705412405,1,1,1,0,1,0,1,1,1,0,1,1,1,1,1,0,1,1,1,1,1,1,0,1,1,1,0,1,1,1,1,1,0,1,1,0,0,1,0,0,1,0,0,0,1,1,0,1,0,0,1,1,1,0,0,0,1,1
75,317.57575757575756,0.0390636420173747,0.0,0.0,0.9046910530393965,0.0,0.6322831604743497,0.5806762812064871,0.0,0.0,0.0718950165600694,0.4315133550678429,0.0,0.7369659307217299,0.0,0.5291378239118751,0.6710275318664696,0.90220964091393,0.683897295956285,0.0,0.9197099268889892,0.0,0.6936250976453978,0.0,0.7744892766326794,0.2673914058352222,0.0334208518758453,0.0,0.0,0.899024450775012,0.4123247411120542,0.0479649268832401,1,1,1,0,1,0,1,1,1,0,1,1,1,1,1,0,1,1,1,1,1,1,0,1,1,1,0,1,1,1,1,1,0,1,1,1,0,1,0,0,1,0,0,0,1,1,0,1,0,0,1,1,1,0,0,0,1,1
76,321.010101010101,0.057714080957006,0.0,0.0,0.9012056819770924,0.0,0.6314800569288983,0.5811243883323309,0.0,0.0,0.0650212459873515,0.4255972397308517,0.0,0.737520684798417,0.0,0.536185227636197,0.6715549709254458,0.9041560912165734,0.6872226257123988,0.0,0.9172476569129984,0.0,0.700283498952323,0.0,0.7768539368879419,0.321239873294105,0.0315080145767353,0.0,0.0,0.898728774088688,0.4851158634597802,0.0516046050976872,1,1,1,0,1,0,1,1,1,0,1,1,1,1,1,0,1,1,1,1,1,1,0,1,1,1,0,1,1,1,1,1,0,1,1,1,0,1,0,0,1,0,0,0,1,1,0,1,0,0,1,1,1,0,0,0,1,1
77,324.44444444444446,0.0005868706805663,0.0,0.0,0.8958479110896737,0.0,0.6513165568833652,0.5756766042081072,0.0,0.0,0.0221002990511604,0.4168663506288504,0.0,0.7370003131017451,0.0,0.5417642461068306,0.6749883139226747,0.9124124745441928,0.6848975721771943,0.0,0.9151357509679684,0.0,0.7064993150124348,0.0,0.7840100096865585,0.3599611863775147,0.0323366845246818,0.0,0.0,0.9041654928059386,0.604234107034239,0.0590732385856198,1,1,1,0,1,0,1,1,1,0,1,1,1,1,1,0,1,1,1,1,1,1,0,1,1,1,0,1,1,1,1,1,0,1,1,1,0,1,0,0,1,0,0,0,1,1,0,1,0,0,1,1,1,0,0,0,1,1
78,327.8787878787879,0.025614370850171,0.0,0.0,0.8979641442641519,0.0,0.6382512631135124,0.5685348922172354,0.0,0.0,0.0004607696201029,0.4070811201223203,0.0,0.7399766204932328,0.0,0.5358495586798573,0.6782815186556213,0.9035843045578827,0.6859397397641847,0.0,0.9173530762278516,0.0,0.7050751862108209,0.0,0.786454267289904,0.3878641053733762,0.033781782154562,0.0,0.0,0.9036569488224092,0.6459111104437967,0.070101218259044,1,1,1,0,1,0,1,1,1,0,1,1,1,1,1,0,1,1,1,1,1,1,0,1,1,1,0,1,1,1,1,1,0,1,1,1,0,1,0,0,1,0,0,0,1,1,0,1,0,0,1,1,1,0,0,0,1,1
79,331.3131313131313,0.037743948137986,0.0,0.0,0.8992695353232412,0.0,0.6376448818752669,0.5663458310599652,0.0,0.0,0.0101197900766612,0.4191799132930195,0.0,0.7386656704983952,0.0,0.5456023687395033,0.675366716619329,0.9022796805906108,0.6896372188013464,0.0,0.9198354412168664,0.0,0.6745627607013815,0.0,0.7822583572930909,0.3364498153968445,0.035490206547734,0.0,0.0,0.8991141292667193,0.7229337580337472,0.0709099034175159,1,1,1,0,1,0,1,1,1,0,1,1,1,1,1,0,1,1,1,1,1,1,0,1,1,1,0,1,1,1,1,1,0,1,1,1,0,1,0,0,1,0,0,0,1,1,0,1,0,0,1,1,1,0,0,0,1,1
80,334.7474747474747,0.0802623243996523,0.0,0.0,0.8980839994878816,0.0,0.6386852120416587,0.5691219039669906,0.0,0.0,0.0134508972338788,0.4245211650442352,0.0,0.7378088038490483,0.0,0.5493626682919777,0.6744145373473927,0.9049821569228452,0.6905348230336312,0.0,0.9200428529338944,0.0,0.6801349069855469,0.0,0.7798830029657959,0.3130244035201251,0.0367324445465503,0.0,0.0,0.8947361286117534,0.73416965628235,0.0760812129655073,1,1,1,0,1,0,1,1,1,0,1,1,1,1,1,0,1,1,1,1,1,1,0,1,1,1,0,1,1,1,1,1,0,1,1,1,0,1,0,0,1,0,0,0,1,1,0,1,0,0,1,1,1,0,0,0,1,1
81,338.1818181818182,0.0739749593891211,0.0,0.0,0.8956738201353006,0.0,0.6402235190046814,0.5868277161312554,0.0,0.0,0.0115945282055995,0.3970852046845016,0.0,0.7350262688974536,0.0,0.5528800542372103,0.6738540583771147,0.9003497256351212,0.6909228509250435,0.0,0.9200442539392698,0.0,0.6873981412294953,0.0,0.7783275515032164,0.2941582233969055,0.0358134824258577,0.0,0.0,0.9039115202877344,0.7438013493020421,0.0851792753054536,1,1,1,0,1,0,1,1,1,0,1,1,1,1,1,0,1,1,1,1,1,1,0,1,1,1,0,1,1,1,1,1,0,1,1,1,0,1,0,0,1,0,0,0,1,1,0,1,0,0,1,1,1,0,0,0,1,1
82,341.6161616161616,0.0806963608555538,0.0,0.0,0.8968907418722735,0.0,0.6431639350945346,0.5928626341540778,0.0,0.0,0.0124921178141843,0.3954234864093913,0.0,0.7381553505299325,0.0,0.5587130092697271,0.6710670709784631,0.9009066874282428,0.6890670178062278,0.0,0.9187959432601928,0.0,0.6813079558031884,0.0,0.7794256352465483,0.262869074197018,0.0356234977025587,0.0,0.0,0.9139220010532516,0.7604429970327127,0.0915352062883482,1,1,1,0,1,0,1,1,1,0,1,1,1,1,1,0,1,1,1,1,1,1,0,1,1,1,0,1,1,1,1,1,0,1,1,1,0,1,0,0,1,0,0,0,1,1,0,1,0,0,1,1,1,0,0,0,1,1
83,345.050505050505,0.107503564376399,0.0,0.0,0.8982354941717665,0.0,0.6466862632566102,0.5870726262905241,0.0,0.0,0.0280098835320307,0.3977361960492337,0.0,0.7414327622634383,0.0,0.5616727527884418,0.668692639697207,0.902737710964577,0.6879937904387585,0.0,0.9183763860483868,0.0,0.6782489500857449,0.0,0.7818889094673906,0.2568357951867799,0.0317177238118981,0.0,0.0,0.9171641574847192,0.7858082263179598,0.0940148019520114,1,1,1,0,1,0,1,1,1,0,1,1,1,1,1,0,1,1,1,1,1,1,0,1,1,1,0,1,1,1,1,1,0,1,1,1,0,1,0,0,1,0,0,0,1,1,0,1,0,0,1,1,1,0,0,0,1,1
84,348.4848484848485,0.0885458231596783,0.0,0.0,0.9005200344465583,0.0,0.6520683869987673,0.5822220729109264,0.0,0.0,0.0328333299230341,0.4010288656045765,0.0,0.7420560095742564,0.0,0.5585159508737247,0.6662401714398511,0.9008037419108156,0.6859478148317837,0.0,0.9169056805912884,0.0,0.6770280901050012,0.0,0.7799914528589383,0.2505804312062466,0.0272673792853325,0.0,0.0,0.9174850953727012,0.7878731356254924,0.08775259818634,1,1,1,0,1,0,1,1,1,0,1,1,1,1,1,0,1,1,1,1,1,1,0,1,1,1,0,1,1,1,1,1,0,1,1,1,0,1,0,0,1,0,0,0,1,1,0,1,0,0,1,1,1,0,0,0,1,1
85,351.9191919191919,0.0759811858588415,0.0,0.0,0.90280457472135,0.0,0.6569326186653213,0.5759849281027938,0.0,0.0,0.0378692622709815,0.4008661166353102,0.0,0.7398188607917409,0.0,0.5591722686960999,0.6661220545508251,0.9032879415337484,0.68358270112937,0.0,0.9162710389920364,0.0,0.686431915463756,0.0,0.7865836515336198,0.2598283097619157,0.0262708568119352,0.0,0.0,0.9168376712626176,0.7870507686251693,0.0782462322251255,1,1,1,0,1,0,1,1,1,0,1,1,1,1,1,0,1,1,1,1,1,1,0,1,1,0,0,1,1,1,1,1,0,1,1,1,0,1,0,0,1,0,0,0,1,1,0,1,0,0,1,1,1,0,0,0,1,1
86,355.35353535353534,0.0404758045471212,0.0,0.0,0.902683179159657,0.0,0.6596945461440658,0.5722134474682822,0.0,0.0,0.0250371115869287,0.3962621274360319,0.0,0.7371011610295752,0.0,0.5569441010795697,0.6697669005715811,0.8990799975807445,0.6834937890558903,0.0,0.9160295220265008,0.0,0.6985774626306716,0.0,0.7860642790158656,0.2513899249207426,0.0291594716885417,0.0,0.0,0.9065069188966006,0.7893698843910351,0.0655592907859273,1,1,1,0,1,0,1,1,1,0,1,1,1,1,1,0,1,1,1,1,1,1,0,1,1,0,0,1,1,1,1,1,0,1,1,1,0,1,0,0,1,0,0,0,1,1,0,1,0,0,1,1,1,0,0,0,1,1
87,358.78787878787875,0.041864999041929,0.0,0.0,0.8994621427081186,0.0,0.6571307486805034,0.5770050326524053,0.0,0.0,0.0238457768691292,0.3911891333146298,0.0,0.7417614492649387,0.0,0.5660423904325995,0.6740240368003625,0.8967092339573909,0.6823345495480291,0.0,0.9183118584796004,0.0,0.6972415372987826,0.0,0.7934032940311009,0.2247977664581012,0.0327411734052738,0.0,0.0,0.9174651701395904,0.7908173268829468,0.0557715933176955,1,1,1,0,1,0,1,1,1,0,1,1,1,1,1,0,1,1,1,1,1,1,0,1,1,0,0,1,1,1,1,1,0,1,1,1,0,1,0,0,1,0,0,0,1,1,0,1,0,0,1,1,1,0,0,0,1,1
88,362.22222222222223,0.0280911795321614,0.0,0.0,0.8963860103228376,0.0,0.6601756301108836,0.5820240440815629,0.0,0.0,0.0370982305635505,0.4196087809720833,0.0,0.7395926121086451,0.0,0.5745754096365105,0.6762790391781229,0.8985095268336846,0.682953719116965,0.0,0.917711385091251,0.0,0.7144724453716254,0.0,0.7980753103402365,0.2020834301302869,0.0371371347751456,0.0,0.0,0.9150352762163712,0.7909215881536351,0.0608313820811549,1,1,1,0,1,0,1,1,1,0,1,1,1,1,1,0,1,1,1,1,1,1,0,1,1,0,0,1,1,1,1,1,0,1,1,1,0,1,0,0,1,0,0,0,1,1,0,0,0,0,1,1,1,0,0,0,1,1
89,365.6565656565657,0.040845929036869,0.0,0.0,0.9035510519165892,0.0,0.6675823841552173,0.5801976989951336,0.0,0.0,0.0892487835822341,0.4081451438748537,0.0,0.7367633694554728,0.0,0.5637803427266397,0.667015227408879,0.9001642474170171,0.6897403468232015,0.0,0.9164754094913964,0.0,0.6920128751561516,0.0,0.7889032559856352,0.2879078127529839,0.0326615398417061,0.0,0.0,0.9050131251249532,0.7883779678442108,0.0726478059918341,1,1,1,0,1,0,1,1,1,0,1,1,1,1,1,0,1,1,1,1,1,1,0,1,1,0,0,1,1,1,1,1,0,1,1,1,0,1,0,0,1,0,0,0,1,1,0,0,0,0,1,1,1,0,0,0,1,1
90,369.09090909090907,0.0239863276703874,0.0,0.0,0.9030814343605332,0.0,0.6691432828256658,0.5800220398591489,0.0,0.0,0.1216509419485944,0.3999896577360178,0.0,0.7401323317031068,0.0,0.565258040851465,0.6651504893839753,0.8993863861417312,0.691752324329161,0.0,0.9176685168465064,0.0,0.6942094335662323,0.0,0.7904264123574372,0.307924698918597,0.0245186419551272,0.0,0.0,0.9106241527164556,0.7912301677952791,0.0807180072021915,1,1,1,0,1,0,1,1,1,0,1,1,1,1,1,0,1,1,1,1,1,1,0,1,1,0,0,1,1,1,1,1,0,1,1,1,0,1,0,0,1,0,0,0,0,1,0,0,0,0,1,1,1,0,0,0,1,1
91,372.52525252525254,0.0157885766191304,0.0,0.0,0.903638557158154,0.0,0.6675189054292594,0.5781395925544917,0.0,0.0,0.1385001379488724,0.398389926344091,0.0,0.7420922955889373,0.0,0.5672793851752258,0.6647478810113494,0.896717847131399,0.6844146061184222,0.0,0.9171365443478308,0.0,0.6915557715153509,0.0,0.791204985324472,0.3250677510375492,0.0256015700457014,0.0,0.0,0.9131906017761228,0.7926948056989414,0.0870985691376428,1,1,1,0,1,0,1,1,1,0,1,1,1,1,1,0,1,1,1,1,1,1,0,1,1,0,0,1,1,1,1,1,0,1,1,1,0,1,0,0,1,0,0,0,0,1,0,0,0,0,1,1,1,0,0,0,1,1
92,375.959595959596,0.0223536396947073,0.0,0.0,0.904060011248909,0.0,0.6782750365831118,0.5819879610412726,0.0,0.0,0.143950851480164,0.4048063774127345,0.0,0.7224279644468784,0.0,0.5679644427734754,0.6685668656635666,0.8925224680565107,0.6807435436375027,0.0,0.917360854037963,0.0,0.6927142375919118,0.0,0.7904848679849782,0.3224274246954133,0.0309985235260292,0.0,0.0,0.918071840223536,0.7937281552961774,0.0932527956777305,1,1,1,0,1,0,1,1,1,0,1,1,1,1,1,0,1,1,1,1,1,1,0,1,1,0,0,1,1,1,1,1,0,1,1,1,0,1,0,0,1,0,0,0,0,1,0,0,0,0,1,1,1,0,0,0,1,1
93,379.3939393939394,0.0317763573896708,0.0,0.0,0.9061171500714076,0.0,0.6794640049321365,0.5961550340420023,0.0,0.0,0.1515450661009805,0.4068415555772079,0.0,0.7180495891560486,0.0,0.572717335692579,0.670470443355895,0.8904251591300303,0.6775477575044302,0.0,0.917711503782473,0.0,0.6526215398577381,0.0,0.7916586014525799,0.3426179567979756,0.0363985076189047,0.0,0.0,0.9155666393742607,0.7937848811970485,0.097403235809929,1,1,1,0,1,0,1,1,1,0,1,1,1,1,1,0,1,1,1,1,1,1,0,1,1,0,0,1,1,1,1,1,0,1,1,1,0,1,0,0,1,0,0,0,0,1,0,0,0,0,1,1,1,0,0,0,1,1
94,382.8282828282828,0.0316641755868521,0.0,0.0,0.9041409839292842,0.0,0.684658030588893,0.59163458190467,0.0,0.0,0.1620235696796995,0.3966897519698554,0.0,0.72139269876881,0.0,0.5839577991325291,0.6735446470949669,0.8931389308909832,0.6757360670606241,0.0,0.9183798712769896,0.0,0.6649430030534258,0.0,0.7945576194370347,0.365843929593447,0.0356001014775095,0.0,0.0,0.9111164520557123,0.7931571862522462,0.0936832316959306,1,1,1,0,1,0,1,1,1,0,1,1,1,1,1,0,1,1,1,1,1,1,0,1,1,0,0,1,1,1,1,1,0,1,1,1,0,1,0,0,1,0,0,0,0,1,0,0,0,0,1,1,1,0,0,0,1,1
95,386.2626262626262,0.0315519937840334,0.0,0.0,0.90268376742043,0.0,0.6885490585621016,0.5860970428773866,0.0,0.0,0.1588157839145203,0.4007815674489494,0.0,0.713473532172935,0.0,0.5797115402159521,0.6737521146395411,0.895678979825214,0.6731135232542569,0.0,0.9191462523082408,0.0,0.6756856760635312,0.0,0.7954078777429272,0.3774162541864891,0.0372522588870507,0.0,0.0,0.906666264737164,0.7915360288940283,0.0955305315585485,1,1,1,0,1,0,1,1,1,0,1,1,1,1,1,0,1,1,1,1,1,1,0,1,1,0,0,1,1,1,1,1,0,1,1,1,0,1,0,0,1,0,0,0,0,1,0,0,0,0,1,1,1,0,0,0,1,1
96,389.6969696969697,0.0380533834882986,0.0,0.0,0.9033985550475954,0.0,0.6993157075057111,0.5836927086056345,0.0,0.0,0.138952811594286,0.3954071303156003,0.0,0.6672177150798682,0.0,0.5826839533013508,0.669689358348839,0.8947067921427352,0.6751800154506756,0.0,0.9197934431763564,0.0,0.6747220953607802,0.0,0.795690202867903,0.3589670298938713,0.0345877323655951,0.0,0.0,0.9103716125756948,0.7905093756928376,0.0955886182355541,1,1,1,0,1,0,1,1,1,0,1,1,1,1,1,0,1,1,1,1,1,1,0,1,0,0,0,1,1,1,1,1,0,1,1,1,0,1,0,0,1,0,0,0,0,1,0,0,0,0,1,1,1,0,0,0,1,1
97,393.1313131313131,0.0355235343199736,0.0,0.0,0.900114588582808,0.0,0.7076520037003481,0.6083850607843394,0.0,0.0,0.1167522704138605,0.3894398351739988,0.0,0.614927649895288,0.0,0.5857368782614298,0.6675282824955597,0.8936404602840335,0.6705669519999775,0.0,0.9180564655223972,0.0,0.638992122672429,0.0,0.7955211484216178,0.3613836545673685,0.0300399826408024,0.0,0.0,0.9148009118961428,0.7892627891098323,0.0975954269902497,1,1,1,0,1,0,1,1,1,0,1,1,1,1,1,0,1,1,1,1,1,1,0,1,0,0,0,1,1,1,1,1,0,1,1,1,0,1,0,0,1,0,0,0,0,1,0,0,0,0,1,1,1,0,0,0,1,1
98,396.5656565656566,0.0289549489548396,0.0,0.0,0.9029340329344177,0.0,0.7199527774561585,0.707853985427068,0.0,0.0,0.0723490187215552,0.3886454548196352,0.0,0.4959275468616739,0.0,0.5916603467612509,0.6673436322698962,0.8942475003336827,0.6769455292649986,0.0,0.9180084613776304,0.0,0.5354019908210493,0.0,0.7951992197913964,0.3450886593067944,0.0344983246480221,0.0,0.0,0.91841994954024,0.7896798058189984,0.0939886390932881,1,1,1,0,1,0,1,1,1,0,1,1,1,1,1,0,1,1,1,1,1,1,0,1,0,0,0,1,1,1,1,1,0,1,1,1,0,1,0,0,1,0,0,0,0,1,0,0,0,0,1,1,1,0,0,0,1,1
99,400.0,0.025761895474385,0.0,0.0,0.9042866311290046,0.0,0.8019224405288696,0.8023057878017426,0.0,0.0,0.0682015278461304,0.3902288675308227,0.0,0.3732121437788009,0.0,0.5852494835853577,0.6746667623519897,0.8952338641340082,0.6759376282041724,0.0,0.9187959432601928,0.0,0.3807932585477828,0.0,0.7979447245597839,0.2782650007442994,0.0356262576850977,0.0,0.0,0.915505200624466,0.789016604423523,0.0915897999974814,1,1,1,0,1,0,1,1,1,0,1,1,1,1,1,0,1,1,1,1,1,1,0,1,0,0,0,1,1,1,1,1,0,1,1,1,0,1,0,0,1,0,0,0,0,1,0,0,0,0,1,1,1,0,0,0,1,1
